행정구역(시군구)별,서울특별시 ,서울특별시 종로구,서울특별시 중구,서울특별시 용산구,서울특별시 성동구,서울특별시 광진구,서울특별시 동대문구,서울특별시 중랑구,서울특별시 성북구,서울특별시 강북구,서울특별시 도봉구,서울특별시 노원구,서울특별시 은평구,서울특별시 서대문구,서울특별시 마포구,서울특별시 양천구,서울특별시 강서구,서울특별시 구로구,서울특별시 금천구,서울특별시 영등포구,서울특별시 동작구,서울특별시 관악구,서울특별시 서초구,서울특별시 강남구,서울특별시 송파구,서울특별시 강동구,부산광역시 ,부산광역시 중 구,부산광역시 서 구,부산광역시 동 구,부산광역시 영도구,부산광역시 부산진구,부산광역시 동래구,부산광역시 남 구,부산광역시 북 구,부산광역시 해운대구,부산광역시 사하구,부산광역시 금정구,부산광역시 강서구,부산광역시 연제구,부산광역시 수영구,부산광역시 사상구,부산광역시 기장군,대구광역시 ,대구광역시 중 구,대구광역시 동 구,대구광역시 서 구,대구광역시 남 구,대구광역시 북 구,대구광역시 수성구,대구광역시 달서구,대구광역시 달성군,인천광역시 ,인천광역시 중 구,인천광역시 동 구,인천광역시 남 구,인천광역시 미추홀구,인천광역시 연수구,인천광역시 남동구,인천광역시 부평구,인천광역시 계양구,인천광역시 서구,인천광역시 강화군,인천광역시 옹진군,광주광역시 ,광주광역시 동 구,광주광역시 서 구,광주광역시 남 구,광주광역시 북 구,광주광역시 광산구,대전광역시 ,대전광역시 동 구,대전광역시 중 구,대전광역시 서 구,대전광역시 유성구,대전광역시 대덕구,울산광역시 ,울산광역시 중구,울산광역시 남구,울산광역시 동구,울산광역시 북구,울산광역시 울주군,울산광역시 세종특별자치시,울산광역시 세종특별자치시,경기도 ,경기도 수원시,경기도 성남시,경기도 의정부시,경기도 안양시,경기도 부천시,경기도 광명시,경기도 평택시,경기도 동두천시,경기도 안산시,경기도 고양시,경기도 과천시,경기도 구리시,경기도 남양주시,경기도 오산시,경기도 시흥시,경기도 군포시,경기도 하남시,경기도 의왕시,경기도 용인시,경기도 파주시,경기도 이천시,경기도 안성시,경기도 김포시,경기도 화성시,경기도 광주시,경기도 양주시,경기도 포천시,경기도 여주시,경기도 양주군,경기도 여주군,경기도 화성군,경기도 파주군,경기도 광주군,경기도 연천군,경기도 포천군,경기도 가평군,경기도 양평군,경기도 이천군,경기도 용인군,경기도 안성군,경기도 김포군,강원도 ,강원도 춘천시,강원도 원주시,강원도 강릉시,강원도 동해시,강원도 태백시,강원도 속초시,강원도 삼척시,강원도 홍천군,강원도 횡성군,강원도 영월군,강원도 평창군,강원도 정선군,강원도 철원군,강원도 화천군,강원도 양구군,강원도 인제군,강원도 고성군,강원도 양양군,충청북도 ,충청북도 청주시,충청북도 충주시,충청북도 제천시,충청북도 청원군,충청북도 보은군,충청북도 옥천군,충청북도 영동군,충청북도 증평군,충청북도 진천군,충청북도 괴산군,충청북도 음성군,충청북도 단양군,충청남도 ,충청남도 천안시,충청남도 공주시,충청남도 보령시,충청남도 아산시,충청남도 서산시,충청남도 논산시,충청남도 계룡시,충청남도 당진시,충청남도 금산군,충청남도 연기군,충청남도 논산군,충청남도 부여군,충청남도 서천군,충청남도 청양군,충청남도 홍성군,충청남도 예산군,충청남도 태안군,충청남도 당진군,전라북도 ,전라북도 전주시,전라북도 군산시,전라북도 익산시,전라북도 정읍시,전라북도 남원시,전라북도 김제시,전라북도 완주군,전라북도 진안군,전라북도 무주군,전라북도 장수군,전라북도 임실군,전라북도 순창군,전라북도 고창군,전라북도 부안군,전라남도 ,전라남도 목포시,전라남도 여수시,전라남도 순천시,전라남도 나주시,전라남도 여천시,전라남도 광양시,전라남도 담양군,전라남도 곡성군,전라남도 구례군,전라남도 여천군,전라남도 고흥군,전라남도 보성군,전라남도 화순군,전라남도 장흥군,전라남도 강진군,전라남도 해남군,전라남도 영암군,전라남도 무안군,전라남도 함평군,전라남도 영광군,전라남도 장성군,전라남도 완도군,전라남도 진도군,전라남도 신안군,경상북도 ,경상북도 포항시,경상북도 경주시,경상북도 김천시,경상북도 안동시,경상북도 구미시,경상북도 영주시,경상북도 영천시,경상북도 상주시,경상북도 문경시,경상북도 경산시,경상북도 군위군,경상북도 의성군,경상북도 청송군,경상북도 영양군,경상북도 영덕군,경상북도 청도군,경상북도 고령군,경상북도 성주군,경상북도 칠곡군,경상북도 예천군,경상북도 봉화군,경상북도 울진군,경상북도 울릉군,경상남도 ,경상남도 창원시,경상남도 창원시,경상남도 울산시,경상남도 마산시,경상남도 진주시,경상남도 진해시,경상남도 통영시,경상남도 사천시,경상남도 김해시,경상남도 밀양시,경상남도 거제시,경상남도 양산시,경상남도 의령군,경상남도 함안군,경상남도 창녕군,경상남도 양산군,경상남도 고성군,경상남도 남해군,경상남도 하동군,경상남도 산청군,경상남도 함양군,경상남도 거창군,경상남도 합천군
2013. 01 월,138,-359,-103,-24,509,159,-50,-184,-215,-155,-164,-288,89,348,88,-55,-22,112,83,152,492,127,-84,320,-456,-182,-1070,-44,-158,-105,-235,12,-159,-335,67,-197,-236,-125,-10,-123,76,-199,701,-1102,-29,-75,-321,-156,-149,-163,-233,24,969,333,-83,-204,,300,48,-59,-36,675,-20,15,110,-176,45,1,-31,271,74,-142,-196,2,524,-114,279,-131,113,124,107,66,359,359,4217,1318,252,111,-135,-182,-139,207,-36,89,615,-65,-107,591,-65,-122,21,-157,310,529,236,-17,-27,939,172,173,-59,-167,,0,-39,0,0,0,-19,0,-74,64,0,0,0,0,-1069,-4,-90,-221,-15,-90,-7,-373,36,-12,-62,-10,-29,-52,0,7,5,-111,-41,-174,-38,0,-159,77,-31,-32,-70,7,14,36,32,-10,512,472,-80,-62,330,121,-131,-123,115,-73,0,0,-116,-57,-31,152,-33,28,0,-1061,-185,-101,-92,-30,9,-76,-68,-25,-21,13,-38,-137,-173,-137,-1188,-279,-122,6,53,0,-121,-63,1,-5,0,-32,-48,-57,-336,-102,14,-27,67,-47,-55,-5,-31,-3,4,-360,-43,-110,-192,-158,506,-370,-119,-77,-77,190,28,-36,-9,5,10,-3,-12,-93,192,30,19,-12,-29,-701,0,-338,0,0,-63,0,-55,73,27,-61,210,35,-259,52,2,0,-35,-100,-121,39,-27,-11,-69
2013. 02 월,987,-420,-67,-176,613,107,58,-7,43,-174,-152,-127,392,335,72,-221,262,29,-220,59,770,281,575,-257,-624,-164,-506,4,-144,-92,-145,26,-216,-84,-33,-3,-47,47,11,-129,-100,-206,605,-875,-20,-206,-297,-43,-156,-148,-44,39,869,468,-155,-72,,332,-127,-133,-82,692,-87,33,80,-99,-17,-147,-72,415,291,16,-89,-32,523,-127,-190,-188,-167,187,-51,29,509,509,3785,1128,585,80,-36,-155,-161,262,-38,-446,340,-31,-107,526,5,-94,-73,-175,368,905,440,-130,23,812,29,158,-196,-101,,0,-77,0,0,0,-14,0,-53,11,0,0,0,0,-912,147,-105,-158,-13,-110,-7,-249,-53,-17,23,-31,-34,-38,-44,2,-77,-106,-42,-297,-124,-63,-107,140,-2,-113,-30,-6,7,38,8,-45,551,442,-140,-46,451,-20,-136,-73,194,-51,0,0,-31,-41,3,117,-113,-5,0,-845,-37,-67,119,-148,-82,-157,-35,-45,-9,-49,-65,-97,-109,-64,-1168,-182,-104,-81,3,0,-46,-39,-10,-36,0,-82,-68,-18,-173,-32,-71,-24,-81,-34,24,-61,-81,-41,69,-1296,-205,-109,-209,-205,-74,-247,-151,-60,57,281,-9,-46,-3,6,-58,-3,-38,-90,35,-43,-40,-27,-58,-1362,0,-613,0,0,-125,0,-125,51,-81,-80,76,32,-130,-29,69,0,-41,-129,-106,42,-26,-49,-98
2013. 03 월,-1522,-503,-129,-26,176,10,-178,-196,86,-91,-191,-273,148,119,-31,-251,254,20,-88,108,655,407,156,-481,-849,-374,-1321,-45,-48,-130,-114,-36,-404,5,-226,-82,-265,-61,126,-188,-20,-116,283,-836,13,-101,-113,55,-38,-273,-273,-106,792,462,-77,-15,,52,79,-201,-11,502,-8,9,-450,-157,-130,-307,-257,401,-42,-140,-151,-57,330,-24,667,5,92,493,-65,142,342,342,2381,1500,118,-71,-164,-413,-168,186,5,-142,5,-33,-232,245,78,-119,-161,-94,247,527,209,-78,77,827,204,263,-248,-72,,0,-83,0,0,0,-15,0,-51,34,0,0,0,0,1352,-61,-194,40,54,86,-157,1158,94,120,122,-60,-10,-56,28,249,-4,-20,-37,-111,132,-145,-90,-56,-43,-110,136,6,46,-45,93,-35,589,411,-88,-11,333,58,-177,-26,146,-53,0,0,-57,13,26,33,-51,32,0,-776,-96,-23,-214,-116,-99,-47,58,-31,12,-9,-52,-102,32,-89,1,-227,-183,249,17,0,-75,-25,538,24,0,-83,-38,-58,-83,61,-85,-49,-105,-30,143,-30,7,15,18,-585,-269,-116,196,-36,-66,-190,-121,-54,-59,99,-17,-1,18,1,48,-21,19,-43,15,-8,10,0,10,-990,0,-716,0,0,-244,0,-96,1,-110,-85,232,22,-56,-18,-2,0,-3,-42,-12,-9,38,-23,133
2013. 04 월,-3804,-205,-168,-186,-61,-130,-218,-140,-205,-271,-133,-406,171,-147,-87,-314,159,-172,-27,17,299,-115,83,-350,-796,-402,-1101,-40,-91,-70,-175,-5,-262,-326,-165,85,-214,-61,304,-186,-35,-202,342,-440,94,-19,-243,-102,-103,-23,-65,21,1109,442,-93,-221,,81,91,-149,76,724,-10,168,-158,-120,-62,-90,-40,154,25,-82,-106,21,333,-141,57,-179,-63,252,11,36,170,170,2831,674,64,-19,-319,-479,-266,265,46,-85,257,-15,-146,555,74,-212,-105,-90,211,843,70,72,41,872,183,409,-141,-66,,0,-39,0,0,0,58,0,78,41,0,0,0,0,679,-114,126,187,-57,-98,-26,328,13,9,92,27,15,-44,-18,39,28,169,3,315,82,-2,108,-41,-13,3,-13,29,79,50,37,-4,943,644,28,-64,225,74,-73,-48,217,19,0,0,-31,-35,20,39,-53,-19,0,-326,-201,-55,-141,14,-6,-15,119,33,27,-12,-20,2,-19,-52,-300,-312,36,71,-48,0,-51,-51,12,26,0,-69,24,-71,-82,-22,-13,-47,167,-30,152,11,-14,-8,19,-445,-233,-36,-86,-121,111,-148,-80,-13,-34,-19,17,-36,22,10,68,-28,-9,54,27,-7,22,23,51,-87,0,-437,0,0,-184,0,213,9,-41,-19,183,102,-9,55,107,0,14,-36,-39,18,-13,7,-17
2013. 05 월,-2928,-272,-49,-129,-133,-93,488,12,-258,-346,-190,-301,140,-248,138,-231,96,-48,-101,-96,-44,-105,-61,-435,-476,-186,-1639,-61,-139,-60,-247,67,-234,-216,-141,-111,-267,-161,205,-81,-102,-280,189,-503,277,-145,-276,-251,-276,-141,376,-67,628,378,-70,-218,,65,81,-151,-62,488,20,97,-99,-106,-65,-88,92,68,-36,37,-156,-44,266,-139,72,-55,31,82,30,-16,230,230,3989,638,-103,-110,-300,-453,-223,153,-3,-156,271,1,-208,807,94,-39,-80,-114,160,988,419,152,94,919,221,647,-156,32,,0,-15,0,0,0,28,0,151,174,0,0,0,0,119,-44,-33,-126,9,88,-30,247,14,-28,-5,-12,3,-34,-4,21,29,34,-10,191,-123,-63,-16,108,-13,22,16,11,105,21,113,10,748,511,-33,-66,172,47,-30,-22,161,51,0,0,-25,22,-6,19,-60,7,0,-649,-248,-28,-159,-82,-43,-82,92,2,7,7,-7,-49,-19,-40,-351,-338,-36,-151,11,0,93,29,-27,25,0,-45,-2,-55,-43,-29,-49,-79,287,-25,87,-16,18,-31,25,-300,-151,-20,-73,-93,82,-53,-42,-64,-8,105,-14,-40,-18,-2,0,22,7,-16,76,-23,-8,-18,51,101,0,-623,0,0,-109,0,-46,54,269,-25,306,367,-1,28,76,0,-33,-39,-56,-24,-5,-5,-33
2013. 06 월,-3820,-149,-83,-179,-98,-104,291,-138,-138,-365,-154,-420,-155,-204,-47,-347,75,-223,-191,-243,67,-298,-37,-96,-235,-349,-1351,-9,-123,-163,-195,163,-265,20,-299,23,-286,-87,148,-78,-78,-379,257,-1390,79,-35,-392,-211,-399,-494,117,-55,778,336,-46,-151,,-3,-11,-103,3,653,46,54,-369,-186,-107,-219,112,31,14,-30,-74,-49,321,-154,220,-1,63,145,50,-37,53,53,3633,1057,-66,-131,-348,-432,-181,377,12,-240,640,22,-198,364,-44,-268,-203,-104,181,1000,152,139,337,737,229,342,-40,-2,,0,3,0,0,0,31,0,100,167,0,0,0,0,216,56,-32,-123,65,-55,-27,20,4,47,-31,40,34,-19,15,22,3,174,23,675,485,0,-78,54,34,-13,57,44,30,12,49,1,716,418,-77,-48,173,91,21,-42,199,-9,0,0,-24,3,10,20,-19,0,0,-310,-188,-39,88,-31,-23,-75,-12,13,28,16,-29,-3,-39,-16,40,-258,-107,42,-43,0,-107,4,-25,10,0,21,-55,5,60,233,14,-43,178,36,-4,27,14,-21,59,-73,-134,5,62,-84,-29,-65,-29,-76,-25,-6,43,-20,15,-6,24,-23,-30,102,185,-29,-15,46,16,670,0,-550,0,0,-82,0,8,28,205,6,202,804,-1,-22,12,0,-63,-36,28,54,1,-8,84
2013. 07 월,-3754,-109,-181,-128,-164,-122,104,-176,-223,-323,-213,-375,-259,-214,77,-475,-4,-117,-132,-127,-50,-194,123,5,-289,-188,-1499,-97,10,-205,-177,-142,-251,181,-258,-345,-235,-282,105,-82,-57,-204,540,-679,41,120,-206,-156,-348,-160,117,-87,1198,282,-53,-248,,42,170,-75,131,739,71,139,-116,-161,-207,-159,200,211,-71,-69,-3,-182,202,-19,210,146,-95,69,-6,96,142,142,5214,578,-199,-110,-281,-379,-122,315,8,-91,888,-39,-110,439,245,-183,30,-147,166,1352,-21,630,114,962,112,819,-54,-31,,0,82,0,0,0,43,0,161,37,0,0,0,0,-127,-20,-35,-64,120,-57,-10,-169,23,27,-27,42,8,-33,-44,72,33,5,2,35,39,-59,-67,31,27,2,19,-12,43,10,-3,5,477,324,-74,-42,45,79,4,-13,289,-24,0,0,-49,-5,1,-14,-19,-25,0,-289,20,-94,-4,-68,-5,-52,-36,7,11,0,-16,17,-5,-64,-663,-361,-140,21,-26,0,-5,-14,-25,-29,0,-39,-30,-35,-67,-91,-49,-43,167,23,-16,3,1,8,84,-645,-154,-9,-179,-67,-327,-112,-39,-20,-23,52,-2,2,8,-4,-20,-5,-2,-44,127,-3,2,35,139,110,0,-477,0,0,-54,0,-43,102,158,-16,80,519,-6,16,39,0,-12,-41,-70,-27,22,-16,-64
2013. 08 월,-1686,14,-134,-136,-183,-55,84,-250,-254,-169,-292,-103,-85,-145,43,-260,112,-258,-155,-125,356,-111,168,204,247,-199,-1473,-20,-89,-104,-215,-74,-273,24,-280,-308,-197,-158,17,-51,-67,-97,419,-908,-59,71,-294,-179,-324,-149,28,-2,569,338,-43,-224,,-40,132,-121,-32,478,24,57,-145,-107,-64,-137,112,51,-17,-52,-123,84,108,-34,542,1,78,215,150,98,208,208,3686,479,-165,-105,-247,-355,-157,272,-69,-39,547,-62,-131,439,370,-252,43,-86,51,835,281,64,189,779,221,473,44,23,,0,21,0,0,0,13,0,77,133,0,0,0,0,-34,30,39,-57,26,-30,-57,-103,43,-29,4,38,3,-46,-22,-5,4,123,5,-51,-72,-31,-71,89,2,-11,-45,2,56,19,5,6,756,297,-71,-33,185,157,3,17,226,-6,0,0,-12,-32,-27,29,-4,27,0,-319,-115,-96,-43,-52,-32,-28,11,-38,-5,13,-36,19,89,-6,-779,-188,-191,-59,-49,0,-12,-33,-32,14,0,-9,-9,-50,-27,-66,-49,-68,95,4,-28,-5,-17,-9,9,-424,4,-63,-154,-72,111,-121,-75,2,-43,73,-10,-63,-4,11,-29,5,-37,0,15,12,-15,27,2,-221,0,-627,0,0,-127,0,-15,-5,157,-26,113,325,-22,25,-23,0,-69,9,20,57,-2,-20,9
2013. 09 월,-2494,-114,-197,-196,-215,39,-85,-144,-319,-169,-171,-133,46,-18,-58,-252,141,-220,-116,-164,95,-266,79,-48,121,-130,-786,-93,-11,-79,-183,-159,-127,184,-273,-249,-134,-120,18,-74,-107,-59,680,-366,-34,211,-245,-123,-275,13,67,20,816,249,-44,-185,,44,-48,51,43,601,61,44,-110,-88,-56,-184,62,156,-47,-213,25,-38,247,-68,-148,-136,157,13,-30,-152,116,116,1981,742,-209,-134,-201,-349,-167,316,-4,-218,452,-45,-75,128,277,-108,-40,-42,-1,726,140,-9,-60,571,171,301,-74,-3,-34,0,0,0,0,0,6,0,9,-85,0,0,0,0,321,-40,8,38,71,-55,13,8,259,29,-30,-9,16,2,-18,7,4,26,-8,220,86,-63,148,15,25,-3,-42,-30,36,81,-13,-20,670,357,-32,22,193,72,-68,-9,167,-47,0,0,-26,0,12,36,40,-47,0,-100,58,-42,5,-26,-29,-71,48,-21,0,-18,14,65,-18,-65,-275,-27,-177,201,-4,0,-35,0,-25,9,0,-8,-43,3,-41,-8,-56,-48,31,14,-38,-20,19,-7,-15,-179,-228,-12,125,-20,147,-53,-58,-26,-15,-9,7,-22,46,-13,4,-4,-16,50,-28,-17,24,-13,-48,-13,0,-349,0,0,-64,0,63,17,224,-10,9,200,14,0,-43,0,-11,-44,-33,30,14,-6,-24
2013. 10 월,-3702,-124,-58,-196,-243,-238,-79,-216,-570,-201,-187,-323,172,-28,-273,-154,109,-181,-72,-153,31,-293,-15,91,-198,-303,-1330,36,-110,-120,-176,-315,-184,-24,-307,-442,-198,-238,28,-73,-71,-291,1155,-547,-11,114,-181,-156,-217,-10,-116,30,1033,286,-92,-218,,276,121,-127,18,683,43,43,-210,-91,-101,-259,-113,354,106,-260,261,99,197,-191,65,-54,140,-22,11,-10,262,262,1268,399,2,-42,-181,-613,-152,211,17,-153,575,-52,-144,161,205,-283,-42,-97,-67,707,3,-90,-167,520,73,541,-74,6,-14,0,0,0,0,0,25,0,16,-22,0,0,0,0,403,-20,220,34,-16,-73,-52,189,105,-12,-8,41,4,-31,-48,83,-18,12,-7,641,135,33,263,-27,22,-15,-28,1,44,179,17,17,1191,616,-19,-44,329,76,-17,16,180,-21,0,0,9,-11,24,27,-6,32,0,-278,-42,-86,-67,-71,-26,-22,-45,-10,-20,8,-23,101,24,1,-64,-169,-82,69,-27,0,-86,22,-28,18,0,-13,-42,-17,170,-5,-16,-26,117,-3,3,33,-20,2,36,95,-25,-64,-95,-7,136,241,-66,-29,-24,88,33,-14,15,7,23,13,-6,12,38,-62,-58,71,-132,680,0,-215,0,0,1,0,59,53,446,-2,182,255,-26,-36,10,0,-19,23,-49,1,8,39,-50
2013. 11 월,-4889,-151,-83,-222,-108,-195,-185,-344,-544,-306,-372,-315,28,-267,-217,-184,70,-133,-145,-234,-37,-437,-12,-111,-212,-173,-918,32,-65,-113,-218,-239,-102,-121,-240,-263,-249,-171,87,-184,-99,-161,1188,-594,-4,-42,-260,-268,-107,248,-171,10,1165,259,-75,-355,,629,94,-196,6,671,31,101,-222,-130,-106,-248,-210,472,57,-216,106,61,257,-151,468,224,83,47,112,2,327,327,387,896,187,105,282,-192,-188,377,50,-166,929,25,-152,257,140,-109,-126,-72,-210,-318,167,-575,-354,445,0,-267,-138,-86,-24,0,0,0,0,0,-25,0,-339,-132,0,0,0,0,402,-17,34,-42,-82,-17,30,87,151,64,-32,32,38,-16,-6,37,13,100,28,162,66,37,-98,-15,13,0,20,36,82,-20,7,34,726,163,6,-37,176,199,-3,-20,212,-9,0,0,-10,-11,34,17,-35,44,0,267,-10,12,-112,20,-15,0,38,10,32,11,12,205,45,19,597,-71,-21,32,-26,0,76,-36,-9,-18,0,-3,-37,-73,656,47,-10,-72,92,3,3,74,5,-6,-9,929,68,-82,-168,464,459,434,-64,-26,-3,-89,24,-69,-9,21,-19,-32,-40,76,51,-51,-1,54,-69,737,0,-864,0,0,-58,0,-19,69,759,-1,537,246,11,-12,17,0,21,-39,-22,13,11,33,35
2013. 12 월,-7110,-273,-158,-229,-287,-261,-282,-129,-739,-513,-373,-827,-436,-360,-356,-352,-148,-323,-291,-379,-257,-577,627,-91,423,-519,-2127,24,-220,-139,-222,-425,270,-374,-621,-303,-422,-333,316,-193,-93,-293,901,-1703,-83,-258,-266,-189,-351,-151,-336,-69,971,138,-68,-359,,508,99,-3,58,581,-6,23,-1115,-158,-383,-409,-270,105,-580,-323,-39,-174,184,-228,148,148,-62,-51,223,-110,1618,1618,5478,1487,175,244,-534,-383,-122,172,12,-88,1880,-48,-104,706,290,-82,70,64,-50,525,115,-232,4,926,298,292,-124,-46,10,0,0,0,0,0,-49,0,-19,89,0,0,0,0,92,-77,-246,-69,266,-68,26,-223,29,24,-18,13,8,8,220,25,3,101,70,368,219,11,-107,9,19,-12,82,-38,74,58,22,31,774,210,-101,-40,216,192,-41,8,275,91,0,0,-23,-30,33,57,-35,-38,0,158,-836,-185,-202,-106,-50,-79,71,-16,59,51,65,242,378,766,494,-96,-60,-239,2,0,-20,12,-18,34,0,27,10,-64,431,14,45,-10,46,58,122,29,49,29,93,693,-185,-28,338,516,-474,114,14,-47,77,87,37,-17,38,28,-6,53,29,-27,163,-28,25,-2,-12,1423,0,-794,0,0,-203,0,-20,17,490,37,627,655,55,-16,128,0,1,-43,78,-12,21,51,351
2014. 01 월,-240,-187,-70,42,-81,-80,-125,151,-175,-257,-176,-463,-105,-41,144,-194,95,88,-43,0,-66,-18,529,79,858,-145,-1222,-9,-123,-98,-163,-205,246,-294,-214,-211,-316,-287,235,-60,-78,-188,543,-467,-76,490,-127,-192,-315,26,-279,6,846,231,-50,-149,,505,55,53,-122,294,13,16,5,-208,-84,-102,144,255,105,-233,36,-73,429,-54,215,8,99,25,151,-68,735,735,3063,1323,265,16,-353,-327,-147,301,-5,-85,1070,-57,-119,320,350,-173,30,-49,-6,234,0,-85,-108,679,164,142,-117,-167,-68,0,0,0,0,0,-18,0,-57,110,0,0,0,0,-1412,13,-130,-204,-194,-67,-31,-490,20,-13,5,30,-32,-27,-65,-63,-36,-98,-30,-221,30,-3,-217,-27,41,-23,-64,8,5,21,26,-18,352,418,-70,-81,144,83,-119,-4,154,-37,0,0,-63,-35,6,2,-15,-31,0,-759,82,-2,-130,-33,-42,-22,-8,-11,12,12,50,-141,-222,-304,-645,-125,29,-94,46,0,-4,2,5,37,0,19,30,-74,-481,9,-26,32,84,-18,-110,11,-20,1,2,-881,-9,-50,-239,-265,-74,-278,-141,55,18,8,29,11,22,-3,1,9,16,-17,40,20,3,10,-47,174,0,-562,0,0,-83,0,-40,29,352,-24,128,503,4,61,25,0,-1,-64,-76,-6,-8,17,-81
2014. 02 월,2061,76,4,18,108,193,41,405,-35,-224,-353,-203,-270,176,184,-348,-53,376,-12,-47,368,410,265,276,896,-190,-52,95,50,-113,-151,67,102,-174,-353,-363,-302,174,381,-18,106,-201,648,-1427,4,352,-237,-128,-335,-430,-606,-47,739,289,-82,-162,,624,149,-100,-157,129,13,36,-535,-124,-318,-211,-223,341,209,-46,-97,-237,710,-121,-267,-142,23,-140,-95,87,938,938,2987,1346,302,7,-644,-494,-209,302,-100,-206,911,-66,-192,670,251,-333,-7,-150,-65,577,83,-120,-84,692,267,217,-152,-4,-21,0,0,0,0,0,9,0,-48,248,0,0,0,0,-1290,-29,-12,-258,-146,-100,-58,-342,-7,-21,-65,-12,-65,6,-38,-17,-14,-96,-16,-119,-105,-39,-147,76,11,-14,-37,21,116,2,23,-26,541,283,-58,-81,531,32,-164,-22,162,-50,0,0,-44,-52,30,-17,-22,13,0,-1098,-133,-211,-291,-118,-26,-59,73,24,-22,-11,-13,-77,-88,-146,-947,-326,-238,15,91,0,-129,-27,-10,4,0,-23,-50,-32,-194,-57,-91,34,89,-7,-53,29,-26,-36,90,-1022,-431,-51,-144,-180,-53,-208,-35,-26,111,112,43,-59,20,16,-52,1,-6,-41,-54,-25,13,20,7,-1256,0,-1394,0,0,-59,0,-212,-46,259,-123,62,318,42,8,-14,0,-21,-26,93,4,-2,-35,-110
2014. 03 월,-806,1,-99,-102,83,95,-35,-36,-218,-370,-100,-325,-145,43,244,-284,-14,341,-162,162,168,340,-203,232,-96,-326,-1872,16,11,-124,-244,-112,-211,-286,-386,-382,-276,-270,228,-60,5,-142,361,-671,-51,136,-220,72,229,-461,-415,39,143,198,-25,-136,,174,75,-228,-80,196,2,-33,-1190,-155,-336,-240,-327,-132,27,-118,-154,-388,873,-186,-26,-165,-107,2,24,220,457,457,2125,1420,-239,-78,-357,-465,-347,322,-30,-457,419,-55,-209,549,138,-122,-56,-116,-7,453,-9,56,-34,642,491,406,-71,-172,59,0,0,0,0,0,-5,0,-17,16,0,0,0,0,1690,-157,-198,189,-79,349,-78,1074,61,201,266,-22,-88,2,-6,142,68,-32,-2,-325,-130,-191,-211,40,60,-43,50,59,39,-10,25,-13,1272,790,-88,38,391,61,-127,-56,255,33,0,0,-84,-28,45,44,-30,28,0,-438,-314,87,-236,-35,-61,-47,39,104,35,55,127,-82,18,-128,307,-255,-182,-128,545,0,22,17,-13,35,0,17,-42,-43,-123,28,-44,77,132,-25,79,60,19,40,91,-607,-385,191,-94,-144,-177,-191,-114,-18,-47,234,65,-33,14,29,-1,-35,-45,-27,130,13,18,4,6,-592,0,-1113,0,0,-141,0,-96,3,119,-75,311,280,22,5,53,0,33,-11,12,51,0,-7,-38
2014. 04 월,-3228,-1,-142,-266,-17,-171,-163,-178,-504,-296,-269,-308,-197,-5,10,-199,-24,189,-154,37,-122,7,-274,542,-369,-354,-2076,-57,-51,-56,-205,-28,-130,-309,-266,-397,-372,-478,183,-131,-16,-170,407,-1410,41,-89,-162,-198,-94,-463,-438,-7,433,183,-96,-245,,283,465,-325,-151,229,67,23,-956,-44,-371,-148,-288,-105,-193,-150,-195,-207,533,-174,196,-158,-18,27,6,339,610,610,2651,2185,-437,-87,-535,-583,-343,231,26,-225,195,-31,-167,335,76,-341,-23,-92,-32,837,123,-56,-42,514,440,623,-129,-4,100,0,0,0,0,0,11,0,40,42,0,0,0,0,211,20,258,-40,-105,-16,-13,162,-34,28,-27,31,-39,-35,-10,18,-18,32,-1,915,171,197,279,161,26,0,44,10,3,16,5,3,1156,482,-66,10,249,37,-94,-12,332,-12,0,0,-70,-63,-6,393,-31,7,0,-277,-320,-117,-233,-44,-34,21,168,94,55,102,46,49,-3,-61,1075,-286,-91,394,607,0,44,22,256,58,0,5,41,-46,-124,-43,-36,96,18,3,28,52,1,31,45,54,-181,-299,-35,-120,32,-108,-73,21,-33,258,111,62,42,29,40,84,-33,39,-4,34,72,65,51,285,0,-797,0,0,-135,0,-16,27,1,-89,445,634,42,110,32,0,37,-5,-85,22,24,15,23
2014. 05 월,-2582,-67,-3,-145,-49,-255,-216,-117,-478,-51,-273,-254,-149,-92,64,-261,-30,-37,-84,1,3,-67,4,571,-292,-305,-1604,55,-74,-100,-247,-18,-139,-341,-370,-343,-296,-279,163,-37,141,2,279,-1451,292,-279,-271,-131,-122,-433,-465,-42,589,106,-76,-230,,177,530,-148,-12,150,95,-3,1032,77,107,96,200,552,-388,-280,-101,-46,171,-132,277,-7,-38,83,138,101,658,658,2178,796,-236,-239,-397,-595,-297,192,62,-209,236,-26,-117,378,72,-272,38,-134,-86,413,-41,123,311,687,323,735,120,9,43,0,0,0,0,0,9,0,211,69,0,0,0,0,-118,92,-83,-100,-12,-53,-65,-26,-2,67,-35,77,-26,-48,20,-2,-5,44,39,68,-113,-40,96,54,24,-5,-23,-3,45,-6,80,-41,1161,880,-165,-24,217,76,-73,-22,187,41,0,0,-48,-4,56,70,-64,34,0,-236,-186,-58,-149,-23,-31,60,41,43,69,51,3,-13,36,-79,-860,-147,-4,-80,-466,0,24,1,2,78,0,-16,-12,-54,-38,-42,-58,-18,7,-22,-81,-3,-7,43,33,-137,-331,-268,-109,-77,138,-25,167,24,36,54,74,-26,17,15,-2,35,-22,37,-53,5,42,131,1,895,0,-547,0,0,45,0,-83,65,171,-8,618,658,41,-18,4,0,-5,14,-24,-20,-13,-20,17
2014. 06 월,-3372,-198,-69,-200,-120,-233,-319,-35,-612,28,-249,-305,-141,-148,-260,-471,791,5,-199,-48,-207,-203,226,77,-284,-198,-680,-24,-95,-52,-143,45,-125,-237,-199,53,-188,-101,81,-169,75,-149,548,-698,255,-62,-144,-124,-72,-244,-352,45,-15,54,-76,-111,,157,106,-53,-275,249,-34,-32,154,-146,-238,66,509,-37,-218,-203,-101,-110,337,-141,241,-12,-181,-141,337,238,473,473,5347,536,-45,0,-284,-490,-123,317,-50,-303,-149,-60,-103,1221,32,-350,222,-107,-66,1212,502,591,234,1420,372,549,28,66,72,0,0,0,0,0,-14,0,96,21,0,0,0,0,-417,200,-2,-174,-16,-82,10,-189,-3,40,-80,-34,-19,-18,-7,-25,-15,12,-15,352,161,-22,85,38,-19,-9,-36,-29,-9,-22,214,0,485,171,-47,-21,180,148,73,-36,80,-23,0,0,-62,-37,2,72,-41,26,0,-591,288,-91,-131,-110,-118,-131,121,-76,-36,-54,-29,-102,-64,-58,-1066,-127,-115,31,-78,0,-46,-67,-45,-55,0,-63,-76,-44,-107,-76,-13,4,43,-52,-106,8,-34,-7,-41,-474,-111,-124,-19,-92,-69,-118,55,-61,14,69,-44,-47,1,-5,-31,42,-21,126,-20,-28,4,-19,24,-89,0,-353,0,0,5,0,-39,-27,95,-11,7,459,-46,16,-31,0,-5,-24,-49,1,-1,13,-99
2014. 07 월,-2839,-276,-93,-236,-172,-329,-261,128,-552,-49,-279,-269,-198,-183,-247,-510,1366,-63,-61,-217,-190,-277,386,437,-315,-379,-1176,-68,-149,-16,-189,109,-178,-201,-108,-19,-376,-162,204,-167,2,-194,336,-1097,157,-223,-280,-134,68,-393,-321,29,241,138,2,-178,,163,-58,197,-304,98,118,65,356,-67,-252,178,369,128,-1,-199,-244,-309,893,-142,120,277,-221,-118,95,87,521,521,4741,289,-159,-139,-510,-710,-204,291,-6,-212,203,-22,-79,482,134,-224,258,333,-104,1492,474,130,-21,1563,541,621,77,-78,37,0,0,0,0,0,25,0,42,217,0,0,0,0,-594,85,-26,-145,-21,-55,-6,-173,-7,-34,-16,32,-24,-32,-36,-28,-15,-62,-31,163,65,90,-31,0,-16,-20,-48,-5,-6,-22,165,-9,217,-67,-58,-44,203,224,-9,-39,113,-46,0,0,-44,-25,37,12,-47,7,0,-93,12,-90,-156,-46,-37,-91,628,-68,-39,-16,-66,-27,-45,-52,-883,-19,-69,-51,-51,0,-87,-55,-45,-14,0,-79,-38,-32,-75,-60,-22,-14,54,-59,-68,-64,30,17,-82,-306,-74,-46,-58,-88,-61,-88,97,-48,24,116,-47,-16,-11,-2,5,48,23,-15,-37,-24,-19,9,6,-54,0,-372,0,0,39,0,-31,-78,70,-17,194,382,-52,84,-10,0,-60,-43,-41,-13,-43,36,-99
2014. 08 월,-883,-60,-56,-182,-258,-229,-291,245,-540,-75,-198,-170,-262,-223,19,-408,1760,-107,-156,-228,-239,-253,806,1014,-464,-328,-859,-62,-132,-37,-183,-45,-224,-292,-98,-125,-341,-92,549,-156,250,-245,374,-1345,199,-73,-237,-170,-74,-663,-318,-9,9,128,-67,-223,,1,318,-39,-226,112,-18,23,267,-65,-259,330,-5,266,-212,-293,-174,-334,814,-225,69,219,-194,-144,81,107,980,980,2816,444,-349,-98,-307,-470,-242,267,-60,-508,376,29,-123,140,-51,74,100,526,-79,586,485,-13,108,1164,326,308,175,-74,22,0,0,0,0,0,-32,0,21,71,0,0,0,0,-330,122,3,-96,1,-85,21,-166,0,11,32,-4,2,-12,-25,-11,-22,-73,-28,242,146,-3,-57,0,-21,-17,16,42,8,-14,130,12,-28,-31,-90,-30,179,114,-99,11,72,-56,0,0,-13,-11,10,23,-31,-76,0,-53,2,41,-178,-13,-21,-88,382,-40,-21,-13,-44,-34,19,-45,-1077,-144,-117,-79,-118,0,-63,-49,-44,-32,0,-78,-22,-103,-63,-66,0,-43,196,-29,-72,-44,-38,-37,-32,83,-149,-134,-74,-25,-166,-78,16,-71,-3,927,-50,-57,-8,-21,-3,48,-24,-50,50,-34,4,7,-22,-190,0,-630,0,0,207,0,-28,-21,20,-15,146,397,-47,74,-8,0,-19,-75,-97,-4,-4,-16,-70
2014. 09 월,-2175,6,-60,-186,-205,-322,308,-98,-533,-262,-306,-168,-217,-85,-15,-234,896,-57,-71,-154,-318,-212,329,701,-502,-410,-295,-55,-149,-48,-195,-85,-27,-95,-60,-163,-231,-3,517,-87,240,-241,387,-4465,47,-526,-383,-248,-566,-1862,-820,-107,208,160,-1,17,,171,109,-170,-296,224,-5,-1,303,2,-92,135,76,182,-450,-299,-231,-196,426,-150,44,29,-86,-42,62,81,1458,1458,2093,1124,-277,-48,-370,-386,-257,230,4,-256,428,-9,-71,-44,-44,-77,-57,192,-100,250,194,-29,0,819,361,291,90,-44,62,0,0,0,0,0,-19,0,32,104,0,0,0,0,-84,14,106,8,-23,-71,-70,16,26,25,5,-2,-30,-51,-6,-16,17,-51,19,341,118,30,-72,0,-35,0,62,55,57,-12,125,13,79,30,-190,-26,248,43,-155,-3,155,-18,0,0,2,-20,-22,7,32,-4,0,-327,130,-21,-145,-52,2,-110,72,-39,-1,-17,-33,-50,-6,-57,-815,18,-88,-122,80,0,-8,-45,-68,-8,0,-11,-63,-64,-56,-11,-90,-24,32,-56,-83,-59,-2,-39,-48,4117,-286,-206,-56,-35,164,-81,-99,-58,17,4959,-32,-22,-29,-16,-48,-14,22,-22,63,-37,-15,7,-59,-554,0,-614,0,0,-34,0,-6,-14,73,-45,253,25,-20,100,-31,0,-73,-68,-68,22,25,-11,-68
2014. 10 월,-4116,-165,-30,-259,-382,-366,220,-174,-737,-316,-309,-373,-300,-478,817,-318,770,-389,-132,-222,-443,-341,335,682,-800,-406,2989,74,27,84,-82,212,313,126,124,324,34,304,505,169,296,-69,548,587,55,279,-345,-90,380,313,19,-24,297,76,-20,-231,,383,103,148,-399,270,-19,-14,-97,-86,-79,50,-194,212,-673,-374,-275,-212,361,-173,99,-31,-113,-61,118,186,1973,1973,1299,898,-501,-95,-356,-536,-233,292,-27,-340,564,12,-185,18,43,-119,-60,219,-158,48,206,24,-196,923,400,416,-44,-63,9,0,0,0,0,0,-12,0,42,110,0,0,0,0,361,-16,418,76,2,-58,3,-34,-16,50,24,1,-5,-2,39,-12,-12,-36,-61,334,155,-22,-86,0,-44,-51,250,21,-5,31,49,36,321,88,-169,-23,276,7,5,-43,77,-7,0,0,23,-21,0,150,-85,43,0,-464,120,-3,-278,-80,-86,-81,-8,-90,-18,-19,17,27,71,-36,-215,-24,-52,-72,291,0,23,-2,-11,48,0,-29,-39,-66,-30,-46,-34,-43,112,-39,-59,1,-28,-28,-88,-2632,-120,-53,-92,-10,49,-62,-4,28,-13,-2251,-11,-30,24,-10,-18,-5,19,-24,3,-31,19,-14,-26,-700,0,-655,0,0,-11,0,-114,-20,-110,-18,697,-391,-15,66,28,0,-46,-13,-69,-2,17,-11,-33
2014. 11 월,-4048,-240,-128,-257,-241,-355,-8,-83,-564,-244,-267,-424,-306,-362,890,-158,358,-198,-113,-229,-426,-449,-140,611,-345,-370,-2343,-42,-15,0,-186,-271,-307,-324,-254,-111,-344,-500,181,-147,68,-395,304,173,21,62,-284,-121,162,186,167,-20,324,132,-42,-252,,276,293,-143,-337,391,-6,12,7,-137,-67,295,-93,9,-587,-350,-249,-55,168,-101,1462,595,134,141,178,414,2403,2403,-251,525,-236,5,-179,-239,-138,435,33,-330,820,-41,-97,55,-29,-230,5,104,-120,-474,89,-771,-420,649,426,80,-32,-88,71,0,0,0,0,0,-41,0,-34,-49,0,0,0,0,405,4,145,119,-39,-56,-12,-117,3,3,-31,-37,4,25,441,-10,-23,0,-14,159,134,17,-30,0,1,-17,75,-51,-19,-3,73,-21,639,545,-179,-12,107,-5,-54,-59,122,53,0,0,-43,-25,22,136,-15,46,0,-181,-46,28,-98,-51,0,-57,32,-14,-1,9,-13,60,-16,-14,285,-77,-28,-17,307,0,117,-20,-26,3,0,-13,10,-67,242,-54,-33,8,38,-6,-40,10,-17,5,-57,-535,-26,12,48,341,-70,-75,-3,-13,9,-730,-14,-58,18,-6,-59,22,5,13,54,-25,28,29,-35,1346,0,-52,0,0,113,0,4,-36,239,23,346,724,-17,-68,44,0,4,-6,-60,-9,19,-15,93
2014. 12 월,-6522,-282,-171,-212,-358,-290,-193,-360,-741,-262,-440,-777,-337,-333,442,-342,324,-293,-173,-158,-493,-220,-131,365,-609,-478,-2736,-105,-28,-42,-245,-276,-556,-493,-347,-238,-405,-511,484,-332,215,-172,315,-844,98,42,-264,-148,-120,-376,-192,116,-153,113,-60,-370,,87,210,-171,-201,182,60,-3,-2293,-362,-614,-255,-707,-355,-1479,-478,-405,-98,-194,-304,-44,301,-238,-175,11,57,3845,3845,2606,192,81,-325,-77,-186,-117,310,91,-462,394,18,-151,994,51,-18,-46,102,-224,66,632,-340,-251,518,812,81,522,36,-21,0,0,0,0,0,-10,0,-103,37,0,0,0,0,1801,-338,26,-90,-44,-79,-271,-341,-61,-21,155,14,-21,504,1653,271,109,314,21,-5,-331,-107,-116,0,6,-20,186,-9,30,376,19,-39,1105,401,-254,-37,182,-11,-24,-36,140,22,0,0,24,-21,26,46,512,135,0,-203,-398,-157,-288,-127,-75,-10,33,-11,50,18,186,536,85,-45,2142,-22,341,-285,468,0,-46,37,-51,16,0,10,1,-7,1323,405,-26,-52,30,-8,110,11,-19,1,-95,630,106,-102,723,873,-256,-125,18,-140,2,-186,-16,-42,5,-17,-59,30,-48,-15,-8,-58,-54,49,-50,1355,0,-542,0,0,-86,0,8,-80,-81,-6,553,1017,-14,-49,-33,0,-35,2,-68,22,-21,-74,842
2015. 01 월,830,-149,-34,-96,-3,-2,-115,-140,-182,-77,-73,-320,70,-175,728,36,423,-15,62,328,-60,319,249,418,-62,-300,-1908,-53,-94,-88,-218,-90,-360,-357,-246,-168,-427,-431,456,-257,230,-130,325,-698,-10,26,-188,-128,-100,-265,-100,67,614,232,-65,-229,,230,414,15,-197,221,4,-11,175,-123,1,102,-73,268,-367,-407,-255,92,366,-163,269,100,11,15,94,49,2485,2485,2084,500,93,-6,-99,-386,-172,415,-89,-273,459,-18,-59,263,-11,-259,-78,283,-159,307,363,-194,-110,383,809,116,129,-53,13,0,0,0,0,0,11,0,-58,-36,0,0,0,0,-560,195,79,-191,-58,-110,79,-505,-46,-27,-67,0,-54,124,-165,-63,472,-206,-17,-400,-115,-34,-207,0,32,41,-124,90,63,-116,-10,-20,264,928,-175,31,20,55,-153,-65,57,-90,0,0,-50,-75,-16,82,-229,-56,0,-700,176,-26,-134,3,-70,-134,132,10,-38,-11,-42,-300,-207,-59,-1137,-152,999,-464,208,0,-72,-43,-100,-51,0,-80,-94,-66,-793,-255,-53,4,49,-4,-73,-16,-4,-5,-72,-1524,-534,70,-225,-421,89,-80,-29,-96,-64,-12,-9,-37,-19,-34,-20,-22,-19,3,-12,-15,-13,8,-33,116,0,-327,0,0,73,0,44,43,11,23,481,455,-54,78,-25,0,-107,-53,-56,33,-9,14,-508
2015. 02 월,1138,-96,75,12,18,185,188,-194,131,34,-106,-63,108,-64,713,-116,288,33,-47,101,-7,536,-70,214,-37,-698,-879,6,-85,-50,-138,-123,-279,8,-278,-117,-260,-35,417,45,80,-341,271,-626,-18,48,-268,-13,-235,-524,334,50,152,255,-31,-105,,74,151,-92,-236,123,-13,26,-82,-73,-235,4,107,115,-519,-142,-277,-99,222,-223,-327,-43,-170,-102,-77,65,2853,2853,2650,-118,202,-116,-160,-562,-196,265,-49,-450,566,-38,-106,67,-229,-59,-46,715,-75,306,480,-176,-91,297,2045,132,91,-95,12,0,0,0,0,0,-6,0,-9,53,0,0,0,0,-624,181,9,-142,-144,-95,-30,-318,3,-7,13,-27,8,135,-100,-56,48,-124,22,-280,-149,-146,-171,0,-11,-1,-65,62,243,-57,59,-44,-418,84,-185,53,15,-60,-85,-42,63,-44,0,0,-106,-64,-4,124,-169,2,0,-649,-248,-90,-186,-76,-97,-74,402,20,10,-1,-70,-136,-58,-45,-1252,-166,-404,-57,387,0,-150,-64,1,3,0,-75,-40,-41,-271,-133,-50,-81,2,-39,-56,-65,36,-16,27,-953,-421,503,-83,-127,-70,-87,-114,-66,24,175,-5,-26,-24,-22,-43,-20,-62,-35,-250,-76,-52,-71,-1,-805,0,-741,0,0,39,0,-116,-63,-171,-105,347,456,-23,-23,-41,0,-69,-25,-21,47,-49,-46,-201
2015. 03 월,-2139,277,-13,-96,23,20,187,-174,-220,-194,-85,-346,27,-175,262,-152,348,114,-62,39,86,451,-672,-608,-122,-1054,-2246,6,-122,-99,-141,-214,-453,-196,-259,-233,-306,-197,269,-190,-47,-273,209,-1376,-35,130,-353,-184,-210,-810,-276,362,153,167,-29,-286,,-160,738,-122,-193,4,17,17,-281,-139,-236,7,-98,185,-795,-92,-329,-340,250,-284,405,223,-28,5,-63,268,2158,2158,5008,863,-153,-26,-252,-533,-365,318,-56,-488,332,-41,-139,141,-95,-270,-59,678,-82,1141,473,-121,-134,248,3239,253,57,-151,27,0,0,0,0,0,30,0,-12,185,0,0,0,0,286,-54,19,-216,-113,104,-135,262,19,94,184,14,-21,-45,-100,116,61,106,-9,316,-198,-175,-12,0,-12,229,295,0,133,-43,104,-5,519,265,-138,139,175,198,-93,-89,108,-7,0,0,-11,-75,10,21,-107,123,0,-910,-208,-19,-244,-210,-107,-91,218,-31,-63,-13,-76,-109,21,22,-830,-263,-441,-206,524,0,-20,-38,314,-10,0,-61,-50,-145,-198,-105,6,-12,-61,-44,12,-44,2,-18,28,-1093,-326,-804,-97,-83,751,-91,-55,-118,-107,191,-26,-46,19,-43,7,-60,-93,-54,-146,1,16,84,-13,145,0,-876,0,0,-39,0,-96,-58,-166,-85,570,521,-39,-55,156,0,-21,-49,497,65,-45,-20,-115
2015. 04 월,-5106,-138,-113,-154,30,-65,-136,-71,-585,-293,-22,-393,-158,-178,170,-184,240,-173,-9,-87,-197,32,-627,-507,-272,-1216,-1198,-25,-160,-44,-91,-85,-183,-88,-260,-37,-177,-338,245,-215,-14,-235,509,-858,254,89,-372,-203,-201,-608,-304,487,209,274,-76,-201,,-138,587,-59,-144,-90,20,36,-194,127,-228,-186,27,66,-579,-279,-260,-78,233,-195,216,359,-194,-159,17,193,1643,1643,4349,328,-440,-68,-362,-397,-220,469,5,-455,487,-18,-155,237,-43,-267,-66,473,-84,541,258,242,-108,313,2298,971,-2,113,-11,0,0,0,0,0,47,0,29,234,0,0,0,0,526,-91,325,148,-73,19,-65,140,15,6,-104,5,-20,196,-12,-8,60,-38,23,423,-294,-103,137,0,-15,-1,256,12,127,119,139,46,652,261,-124,16,70,33,35,-59,154,43,0,0,62,-31,39,51,-37,139,0,-326,-6,38,-267,-95,16,-57,101,-23,-2,-10,-24,-96,63,36,-390,-114,-214,-31,444,0,100,-36,6,-4,0,-35,-32,-76,-112,-86,-94,-15,6,53,-73,-10,-19,-51,3,-625,-259,-228,101,-13,-356,0,-10,-5,-32,215,-44,-2,4,7,-48,39,-16,16,-22,-9,7,8,22,477,0,-337,0,0,112,0,-44,-69,-75,-8,520,334,-35,-23,66,0,14,-25,104,56,-17,-20,-76
2015. 05 월,-5275,-167,-255,-143,341,-187,-216,-194,-548,-212,-124,-312,-71,-384,493,-207,162,-190,-141,-234,-234,-365,-350,-563,-223,-951,-659,-49,-107,-126,-192,-100,-219,-130,-44,-22,-223,-77,507,-269,103,-182,471,-363,371,104,-246,-199,-226,-383,-389,605,185,84,-76,-5,,-101,434,-34,-233,12,81,23,-512,1,-246,-149,-142,24,-547,-248,-173,-197,226,-155,-237,82,-364,-327,327,45,1481,1481,4319,207,-334,-122,-202,-455,-226,607,-23,-409,1129,-48,-99,211,76,-226,45,421,-161,422,95,532,107,116,1557,722,83,23,2,0,0,0,0,0,-25,0,160,134,0,0,0,0,964,2,54,-41,-67,-2,-11,-41,-18,111,33,23,37,766,51,33,44,-5,-5,281,-92,19,167,0,8,-30,-6,71,75,-14,69,14,550,91,-107,96,192,81,74,-5,158,-10,0,0,-46,4,-2,28,-27,23,0,-318,93,-99,-170,-49,-4,-23,58,-24,-11,5,-5,-43,-19,-27,-373,-128,-127,-69,407,0,-72,-3,-6,0,0,-46,-35,-57,-62,-15,-44,-11,57,-26,-58,-12,25,-51,-40,-571,-12,-83,271,22,-471,-64,-73,-52,-17,1,25,-35,3,-20,-14,-49,-24,-36,85,0,-10,-27,9,270,0,-439,0,0,284,0,37,-43,-154,76,428,241,-52,26,-28,0,22,-36,46,4,-29,-14,-99
2015. 06 월,-6663,-220,-163,-160,293,-292,-385,-307,-447,-263,-173,-454,-71,-401,66,-322,343,-319,-85,-384,-517,-285,-186,-364,-286,-1281,504,-25,-138,-26,-45,31,-206,-131,39,90,-329,-10,902,-88,224,-133,349,-1164,153,-21,-364,-143,-84,-412,-577,284,468,186,-82,-295,,-138,1206,-200,-292,-35,67,51,-602,-81,-216,-128,-178,1,-781,-287,-255,-270,264,-233,-277,-230,-590,-180,206,517,1356,1356,3630,28,-125,-134,-321,-438,-193,397,41,-489,619,7,-33,972,36,-336,-17,383,-62,596,307,195,43,106,1204,437,18,3,37,0,0,0,0,0,-8,0,238,119,0,0,0,0,1455,11,180,-93,58,-69,-82,-178,65,7,6,35,-7,531,116,393,254,213,15,1109,985,-83,-93,0,-54,-19,10,258,64,-48,101,-12,690,167,3,28,69,124,0,-29,215,12,0,0,9,2,-7,31,32,34,0,-521,-71,-96,-201,-88,-42,-111,79,8,1,19,-49,-18,46,2,-108,-175,-121,26,285,0,-74,51,-15,25,0,-40,-11,-45,-76,38,-66,-23,77,-19,-8,39,20,11,-7,426,-346,-203,968,-50,-578,-51,-13,26,-22,255,14,-22,-18,12,4,18,-50,463,-31,-10,1,31,28,-335,0,-344,0,0,97,0,-106,-3,-167,-58,160,-209,-60,186,8,0,13,-22,201,-17,5,23,-42
2015. 07 월,-5237,-230,-182,-136,-29,-153,-331,-473,-443,-234,-218,-231,-183,-243,-30,-87,344,-358,-81,-161,-485,-304,72,364,-437,-988,169,-50,-172,-52,-138,-93,-161,-284,52,-77,-207,-224,755,636,85,-232,331,-745,39,0,-171,-72,-20,-561,-177,217,660,142,-60,-312,,-21,1251,-176,-255,-31,50,72,-525,-124,-183,34,-231,-21,-405,-306,-194,-304,567,-168,-33,-111,-341,-120,183,356,1801,1801,4570,-51,-151,-29,-389,-555,-205,639,-37,-683,582,-71,58,741,-67,-5,-42,370,55,1021,333,-48,121,239,1743,521,67,44,8,0,0,0,0,0,-9,0,122,248,0,0,0,0,207,1,160,-113,-5,-87,4,-109,11,12,15,12,13,91,428,-31,-24,-162,-9,-437,-752,-25,-59,0,37,19,-22,193,75,-30,134,-7,52,-117,-51,-6,49,72,-69,-41,53,14,0,0,8,12,17,25,-34,120,0,-468,-122,-44,-126,-14,-26,-67,33,18,23,1,-14,7,-94,-43,-151,-35,-270,324,339,0,-128,-57,10,9,0,-58,-58,-37,-42,-97,-39,10,12,-22,0,-11,-47,24,22,354,-52,-176,654,-7,-217,-37,-23,1,-18,377,6,-6,9,-9,2,-30,-1,-174,52,-44,38,7,2,-833,0,-924,0,0,0,0,-11,-57,207,-25,184,-59,-31,30,-6,0,-73,-19,27,-1,6,-37,-44
2015. 08 월,-4574,-91,-88,-278,-42,-228,-120,-530,-409,-207,-288,-375,90,-265,25,-177,305,-324,-206,-146,-599,-129,235,-16,-150,-561,-1322,-30,-50,-126,-136,-335,-199,-415,-46,-301,-384,-107,540,193,90,-222,206,-627,-57,50,-98,-57,23,-351,-336,199,554,93,-96,-160,,414,730,37,-333,-134,-2,5,-760,-180,-442,17,-321,166,-637,-213,-199,-487,534,-272,-75,-26,-244,-13,67,141,1975,1975,5255,278,-265,319,-251,-728,-195,292,-12,-636,796,-91,-10,819,-87,493,-81,469,-26,267,291,121,164,212,2198,604,22,-3,0,0,0,0,0,0,-22,0,103,214,0,0,0,0,-448,68,116,-129,-31,-58,71,-106,-28,48,8,-11,-6,-139,-75,-48,12,-133,-7,-275,-462,-3,-21,0,20,-23,-56,69,44,-8,126,39,855,159,-142,86,-46,637,-104,277,17,-60,0,0,4,-84,13,34,-42,106,0,-538,-198,-84,-204,-70,-67,-106,376,-15,0,1,-56,-26,-72,-17,-51,-139,-176,60,541,0,-158,-38,-37,31,0,-36,-6,-32,-68,207,-55,-50,-52,5,-35,-8,-3,18,-20,135,-130,-133,1198,-69,-297,-75,-30,-44,-80,11,-12,-20,4,2,-10,-15,-44,-90,-28,-20,-14,40,-9,-219,0,-495,0,0,18,0,-61,-11,11,6,246,146,-49,8,71,0,7,-39,-28,22,-2,-1,-68
2015. 09 월,-5309,147,-84,-198,14,-224,-222,-471,-487,-242,-220,-389,-141,-86,-26,-249,209,-410,-197,-216,-580,-131,-20,-397,-233,-456,-1298,-35,-109,-99,-108,-232,-148,-286,-39,-192,-287,-147,522,-47,-12,-230,151,-543,-40,-40,-125,-65,-92,-89,-264,172,449,11,-80,-319,,453,467,-157,-350,411,-10,23,-722,-125,-245,-90,-325,63,-532,-333,-129,-260,392,-202,-139,91,-339,-27,85,51,1772,1772,4260,908,-295,145,-70,-434,-240,293,33,-518,865,-111,-114,513,-32,529,-114,125,-63,215,237,-21,-17,242,1624,417,15,-7,-18,0,0,0,0,0,85,0,8,60,0,0,0,0,303,-65,176,-6,-46,-24,72,-40,-1,82,10,-30,-41,204,71,-8,39,-96,6,-87,-147,-91,-59,0,8,6,0,92,54,-21,92,-21,214,210,-124,5,51,-148,-12,64,75,-19,0,0,-19,-37,9,125,-92,126,0,-124,32,-19,-149,-59,-23,-86,241,-25,27,10,-7,17,-28,-55,241,37,242,-133,525,0,-117,-1,-20,83,0,5,-20,-45,-66,-84,-76,-34,-28,-2,5,23,15,-38,-30,-104,4,70,10,-76,-212,-47,-83,17,-26,94,16,-48,-4,-11,-14,45,-54,22,150,29,8,23,-17,749,0,17,0,0,132,0,29,-5,-89,67,177,524,-22,-58,50,0,-34,-44,-10,-24,52,18,-31
2015. 10 월,-6870,-77,-51,-274,-163,-161,-197,-438,-516,-282,-335,-404,-304,-253,-85,-210,-15,-286,-336,-375,-654,-274,-49,102,-536,-697,-1235,-51,-48,-113,-162,-221,-255,-275,71,4,-212,-198,518,-260,13,-260,214,-999,14,-156,-172,-167,-280,1,-478,239,253,45,-94,-94,,479,36,-261,-380,412,48,62,-1195,-175,-289,-162,-442,-127,-709,-321,-235,-207,296,-242,971,590,15,115,31,220,1840,1840,4565,759,-427,72,-202,-688,-251,531,43,-612,963,-108,-128,322,100,366,-171,519,-204,441,503,31,-179,247,1798,591,11,-50,35,0,0,0,0,0,65,0,52,136,0,0,0,0,623,56,549,-64,-25,-40,574,-84,6,19,-3,0,-17,-120,-61,-31,-4,-104,-28,375,272,-67,-18,0,0,-43,28,51,68,13,100,-29,267,126,-164,6,160,-2,-81,11,75,-87,0,0,-44,-33,66,276,-53,11,0,-135,-36,0,-173,-23,-17,3,293,-16,-7,-7,-37,2,-37,-80,806,-118,27,142,977,0,17,-3,5,34,0,-20,22,-52,-22,-90,-7,-32,6,-31,-29,-34,-11,36,-11,-7,120,-166,36,-20,-126,5,9,-6,-38,75,10,2,16,14,-22,15,7,-20,160,-39,2,-18,-23,511,0,-554,0,0,21,0,300,-50,-86,-15,203,652,0,-20,42,0,12,-37,14,-1,1,56,-27
2015. 11 월,-5697,-130,-66,-52,-212,-110,-251,-171,-584,-379,-317,-480,-344,1042,-414,-83,2,-239,-190,-193,-415,-482,-353,-298,-396,-582,-1016,-72,-154,-150,-143,-287,-485,-280,714,48,-256,-139,451,-106,-11,-320,174,-659,17,-138,-224,-173,-114,45,-439,367,177,46,-138,-181,,582,227,-384,-300,284,36,5,-133,-163,-127,-20,-124,301,-817,-346,-217,-372,438,-320,563,316,90,31,-4,130,1765,1765,2994,566,-66,90,-227,-16,-117,1084,34,-382,786,-113,-31,206,-20,-4,-126,949,-64,-590,453,-633,-527,254,1760,-142,101,-208,103,0,0,0,0,0,1,0,-115,-12,0,0,0,0,-23,123,306,-29,21,-32,-451,56,-18,36,28,20,3,-74,-24,29,-45,-2,30,83,152,-22,-54,0,24,-77,-35,11,41,3,58,-18,896,155,104,-9,186,151,42,59,64,57,0,0,-29,-9,-7,192,-53,-7,0,177,-403,-113,-106,-85,1,-85,558,-24,25,-9,353,77,55,-67,-101,107,-11,131,-810,0,-68,6,-32,43,0,28,15,-23,503,-55,-46,-89,86,18,19,89,-5,-2,-5,728,1116,-374,-31,681,-194,-54,55,27,-21,-343,31,-52,1,-36,-23,9,-16,25,67,-47,6,-63,-36,246,0,-97,0,0,97,0,-280,-44,-14,66,349,93,7,-112,116,0,-57,-32,47,-11,28,43,47
2015. 12 월,-9166,-264,-184,-280,-257,-261,-343,-430,-755,-338,-337,-780,-502,791,-433,-520,-145,-479,-293,-235,-480,-250,-325,-680,-659,-727,-1324,-67,-106,-144,-197,-450,192,-429,436,-63,-368,-403,418,-203,3,-244,301,-1619,142,-184,-340,-272,-330,-262,-857,484,-257,-31,-35,-260,,432,31,-195,-322,53,49,21,-2379,-407,-591,-375,-831,-175,-1433,-425,-355,-593,153,-213,-483,-24,-350,-79,12,-42,2278,2278,7293,846,1071,190,-198,-17,54,605,-28,-656,791,-15,13,592,9,203,35,1169,21,-579,491,-231,-224,334,2189,371,60,-92,70,0,0,0,0,0,255,0,-64,28,0,0,0,0,182,290,416,-104,-61,-108,-403,-300,-6,-50,134,8,-14,-72,-27,-21,29,491,-20,384,-281,-89,-174,0,55,-44,-131,-46,288,689,129,-12,1954,561,-59,25,188,293,134,86,193,67,0,0,72,26,163,207,-1,-1,0,-12,-1202,-127,-216,-184,-102,-81,254,57,10,49,389,586,586,-31,2595,-293,-185,-486,207,0,1259,91,3,16,0,13,89,94,1591,-53,59,-5,80,48,-39,70,18,33,-15,401,-427,-1,-51,297,2,-99,93,-50,372,-35,24,64,55,11,31,47,14,8,23,9,6,30,-22,738,0,-477,0,0,71,0,-157,-86,-29,79,269,320,-13,-25,63,0,-25,-1,154,40,-6,51,510
2016. 01 월,-1006,-91,-81,-70,-20,-85,-58,-39,-219,-144,-88,-284,-116,485,-67,-185,450,24,-72,130,53,543,-187,-280,-209,-396,-828,-18,-123,-140,-80,-185,49,-372,285,-9,-489,-256,537,84,18,-301,172,-430,77,181,-225,-147,-349,-9,-312,354,407,79,-68,-65,,240,190,-10,-186,205,29,-7,189,-98,30,54,-36,239,-252,-210,-142,-25,290,-165,-142,-18,-193,81,13,-25,1961,1961,5012,338,1061,-123,-14,-109,-104,490,-22,-551,308,4,-120,636,7,-9,-33,663,33,-144,346,-13,-40,241,2048,184,-55,-160,154,0,0,0,0,0,46,0,0,-50,0,0,0,0,-376,188,829,-171,-16,-73,61,-390,-60,-74,-102,-44,-17,-77,-79,-31,-22,-305,7,-280,28,-119,-135,0,8,-4,-162,64,-20,-202,285,-23,45,179,-180,-102,435,-40,-65,56,21,0,0,0,-71,-28,-65,49,-108,-36,0,-1195,243,-85,-184,-82,-39,-40,-11,-36,-17,16,-258,-304,-322,-76,-1772,-79,-221,39,102,0,-153,-34,-17,-22,0,-48,-34,43,-969,-138,-54,-8,-53,-62,-25,-20,2,3,-24,-1568,-367,-163,17,-402,-7,-71,-53,-60,-145,-165,-3,-17,6,-10,-9,-14,-29,-49,9,-6,-27,18,-21,-319,0,-275,0,0,205,0,-67,-13,-60,-62,362,378,-45,21,-46,0,-69,-34,-258,5,-15,-25,-321
2016. 02 월,176,94,-6,-63,28,151,181,12,81,-55,-218,143,-176,613,150,-304,290,67,-56,151,314,754,-266,-381,-725,-603,-715,-16,-119,-107,-88,-192,-208,-243,93,-125,-350,34,693,13,-14,-173,87,-1269,13,122,-331,-107,-466,-455,-1023,978,266,3,-52,118,,366,34,5,-291,114,-35,4,-673,-153,-162,-74,-342,58,-46,-128,-207,95,472,-278,-575,-230,-189,86,-142,-100,2049,2049,4729,510,993,-54,-318,-387,-338,407,-3,-648,238,-39,-221,358,53,-48,-185,1190,-26,155,451,268,-31,232,2079,235,-90,-147,45,0,0,0,0,0,-36,0,33,53,0,0,0,0,-1140,202,153,-157,-108,-60,57,-345,-73,-22,-62,-52,-63,-124,-87,-68,-74,-194,-63,-314,27,-152,-120,0,12,-53,-197,126,111,-135,97,-30,415,520,-187,-96,435,-52,-164,37,62,11,0,0,-66,-42,-56,190,-123,-54,0,-908,32,-119,-164,-47,-44,-23,18,-4,-20,-24,-139,-136,-151,-87,-1295,-70,-152,-6,379,0,-496,-2,-19,-49,0,-6,-38,21,-407,-59,-90,-81,-24,-14,-72,-34,-66,-19,9,-805,-406,-86,180,-7,-358,-113,13,-59,74,136,26,-34,-29,-29,15,-11,-23,8,-70,100,-35,-59,-38,-849,0,-379,0,0,252,0,-94,-53,-352,-8,39,272,-46,-68,-30,0,-60,-55,38,-9,-34,-79,-183
2016. 03 월,-1640,373,153,-77,-103,-10,-10,-23,-195,-184,-244,357,-375,501,-200,-463,422,56,-86,12,337,480,-234,-906,-523,-698,-1277,-47,-71,-114,-134,-110,-312,-241,-15,-208,-243,-84,464,-164,51,-202,153,-954,5,240,-401,-265,-380,-445,-987,1279,139,23,-68,98,,118,74,-141,-156,231,-39,-1,-853,-151,-50,-274,-479,101,-458,-195,-295,46,175,-189,-593,-205,-327,22,-85,2,1708,1708,5024,1040,545,108,-426,-465,-270,243,58,-385,102,-84,-187,374,81,5,-9,1166,-20,271,184,128,418,84,1775,273,-38,-81,72,0,0,0,0,0,18,0,-15,59,0,0,0,0,-394,-112,32,-69,-111,110,-33,-51,-39,136,63,-49,-60,-91,-74,65,-25,-64,-22,23,-90,45,-137,0,-35,-10,27,47,41,-25,162,-2,361,258,-119,-43,288,-47,-108,0,92,19,0,0,-38,-76,-15,148,-77,79,0,-895,-259,-90,-169,-97,9,-50,67,18,-30,-19,-123,-117,-65,30,-434,-90,80,-90,164,0,-247,139,18,54,0,-22,-44,-10,-221,-71,-99,-28,87,-10,53,-63,-21,-7,-6,-440,-525,132,148,47,49,-102,6,-17,-89,-191,17,-31,47,-19,31,-16,-29,69,-66,99,7,-25,18,-399,0,-574,0,0,140,0,-100,-81,-25,17,50,384,-35,-43,123,0,-8,-11,-99,-16,11,-42,-90
2016. 04 월,-4207,-121,29,-74,-39,-91,-233,-45,-340,-185,-100,-99,-440,145,-380,-387,195,-254,-42,-75,91,109,-205,-602,-405,-659,-915,-37,-91,-103,-112,-153,-215,-181,-169,-101,-238,-169,495,-106,70,-149,344,-850,-67,24,-295,-287,-217,-498,-782,1272,610,13,-45,62,,397,159,-161,-223,294,27,87,-249,-248,533,-220,-422,108,-376,-216,-142,-55,227,-190,-449,-175,-225,-77,101,-73,1039,1039,4093,666,179,-146,-335,-233,-89,362,-24,-442,339,-269,-162,206,142,-194,-120,1064,-79,472,82,530,239,124,1327,336,-108,-47,-57,0,0,0,0,0,40,0,71,219,0,0,0,0,258,-72,310,167,-86,35,-3,82,17,64,-2,-4,-51,-70,-65,-28,-37,9,-8,758,34,-5,506,0,-3,-24,145,-16,27,-46,149,-9,387,208,-82,68,276,-44,-103,-5,62,-15,0,0,-2,-98,9,111,-36,38,0,-599,-321,-2,-201,-59,10,-63,30,4,-6,8,-34,-56,44,47,-467,-12,-95,-53,193,0,-91,27,-8,-12,0,-26,5,-23,-113,-35,-47,-7,-26,10,-51,4,-28,-36,-43,-399,-393,-30,-6,-71,-221,-10,-20,48,-83,87,-1,19,-22,-4,21,80,-13,-9,41,80,19,22,67,316,0,-64,0,0,31,0,-28,-27,-132,15,204,522,-26,-22,53,0,-26,-38,-94,7,30,-8,-81
2016. 05 월,-4986,-175,-162,-124,315,-299,-400,-100,-490,-252,-118,-136,-338,-152,-326,-381,199,-52,-73,-202,90,84,-151,-586,-320,-837,-1123,-7,-169,-117,-156,-252,-222,-237,-59,-32,-167,-202,566,-119,5,-207,252,-1006,-60,-114,-366,-233,76,-445,-728,864,277,122,-63,105,,408,-191,-151,-153,88,50,62,-58,-119,497,-297,-364,225,-462,-274,-112,-178,269,-167,-427,-318,-199,-336,536,-110,1167,1167,6195,171,262,38,-366,-204,-126,387,32,-298,89,-246,-169,331,157,-233,-86,1475,-30,904,78,868,366,343,1644,389,-71,-8,-10,0,0,0,0,0,0,0,238,270,0,0,0,0,-408,15,52,-101,-59,-91,-43,-33,-20,33,-4,-11,25,-60,-38,-47,3,-36,7,585,-20,28,188,0,15,26,74,17,151,49,52,5,572,382,-95,-85,179,-29,-76,18,-7,-20,0,0,-67,-13,-1,540,-193,39,0,-747,-358,-124,-154,15,19,-9,-43,-11,-26,0,-22,-26,-21,13,-408,-66,-33,56,-34,0,-11,-19,81,14,0,-18,-17,-47,-107,-28,-42,-61,5,5,-59,-42,27,-32,20,98,-219,-39,57,-169,85,-47,10,7,-48,230,28,19,17,-6,2,36,-8,-14,-24,84,4,35,58,-322,0,-656,0,0,1,0,11,-33,-198,41,7,637,-10,10,39,0,-45,-44,-77,16,17,17,-55
2016. 06 월,-5271,-245,-66,-81,162,-82,-483,-193,-463,-94,-180,-435,-423,-104,-378,-236,66,-163,-169,-426,131,-103,65,-366,-301,-704,-1370,17,-117,-176,-119,-190,-97,-255,-115,-144,-265,-205,558,-212,-17,-269,236,-816,-121,-154,-385,-169,472,-304,-586,431,277,69,-28,322,,313,-218,-147,-309,204,17,54,-362,-34,220,-84,-395,-69,-469,-348,-195,-238,503,-191,-377,-153,-205,-182,237,-74,1131,1131,5664,-3,191,82,-418,-58,-286,517,63,-456,440,-219,405,400,174,-141,-203,1258,44,746,219,303,118,225,1472,613,-138,-18,12,0,0,0,0,0,62,0,73,187,0,0,0,0,522,154,56,-17,-14,-9,78,15,3,-28,-10,23,-23,-104,111,158,-47,147,29,160,55,28,-56,0,-17,-29,-40,5,77,32,92,13,949,433,-5,-11,192,28,-52,15,-18,-41,0,0,7,49,11,360,-132,113,0,-47,-503,-119,-155,-55,-17,-82,-13,27,12,1,-58,6,404,505,-348,-126,534,-187,38,0,-142,7,42,15,0,-7,-66,-51,-81,-59,-32,-20,-44,-37,-29,-50,17,-33,-37,-346,-189,-50,121,-159,-282,-2,2,-13,-23,27,-11,-14,4,6,28,-18,4,110,-1,56,-12,36,34,-131,0,-591,0,0,-94,0,-76,-42,-9,116,-104,638,-15,-29,47,0,-24,29,-33,34,10,49,-37
2016. 07 월,-4959,-165,48,-92,53,-50,-429,-196,-571,-129,-288,-474,-219,-234,-301,-177,-119,-227,-143,-403,-114,109,13,-362,-67,-422,-1360,-39,-204,-111,-121,-158,-147,-211,-111,-152,-34,-71,389,-345,-135,-211,301,-511,-115,25,-333,-199,-155,-369,-252,887,602,-24,-67,1288,,134,-327,-238,-352,30,58,100,-112,-87,159,-134,-208,158,-205,-214,-187,27,354,-185,-381,-151,-227,-103,136,-36,851,851,7345,122,237,159,76,-350,-311,450,-14,-550,401,-255,792,-17,125,191,-151,1060,-85,1280,218,344,522,968,1597,334,-53,-58,-6,0,0,0,0,0,1,0,101,217,0,0,0,0,-133,39,95,-48,12,-58,62,-105,29,12,39,35,7,-113,-31,-53,-17,-66,28,47,-19,-12,-61,0,37,17,-11,10,90,-54,56,-6,202,64,-77,-63,171,-27,-115,-21,76,-42,0,0,-28,-23,-3,200,-55,145,0,-486,-201,-150,201,31,-9,-86,39,-10,-9,-7,-72,10,-178,-45,-761,-156,-371,49,135,0,-81,8,-64,8,0,7,6,-54,-84,-44,-19,-77,28,-24,-25,46,-31,3,-21,-525,-137,-79,16,-143,-289,-37,-39,80,-152,-25,24,11,-19,-1,-3,14,-5,157,-4,101,-15,8,12,-512,0,-640,0,0,-68,0,-102,76,-85,39,-204,568,19,-1,6,0,-26,-4,-55,27,-12,-23,-27
2016. 08 월,-4464,-165,146,-147,175,-33,-308,-252,-577,-77,-190,-257,-359,-288,-354,-176,552,-352,-213,-484,47,-26,-84,-167,-224,-651,-956,-55,-162,-57,-137,-224,-172,-151,-38,-216,-130,57,558,-404,-11,-207,393,-322,-113,92,-352,-267,-64,-386,-219,987,491,65,-109,975,,103,-163,-359,-261,90,37,113,-253,-51,235,-173,-170,-94,-99,-180,-220,243,252,-194,-507,-180,-182,-160,24,-9,942,942,7162,62,-8,165,-243,-68,-384,455,-79,-450,357,-248,693,7,69,224,-183,2112,-16,547,80,200,126,786,1941,380,15,64,106,0,0,0,0,0,43,0,43,366,0,0,0,0,-53,108,82,-90,-13,-58,379,-166,-23,-5,23,36,8,23,-101,-11,-37,-167,-41,62,-34,35,-27,0,-3,-30,-41,0,117,-8,71,-18,643,391,6,-55,121,52,-24,-14,141,-48,0,0,-21,-31,-22,250,-101,-2,0,-532,47,-156,55,8,-48,-113,49,1,-13,-33,-21,-32,-196,-80,-1032,-217,-309,3,268,0,-52,-37,-23,-10,0,-51,-60,-128,-69,-46,-40,-53,12,0,-58,-81,-32,-14,-35,-815,-337,12,1,-158,-368,-77,-32,39,-128,3,16,19,5,19,-7,17,-5,96,39,62,-25,40,-46,-1017,0,-694,0,0,-42,0,-123,-33,-215,41,-331,523,3,16,-40,0,-60,-26,-47,27,23,7,-46
2016. 09 월,-4145,-50,-23,-178,9,-52,-220,-146,-559,-179,-160,-332,-350,-189,-331,-353,545,-308,-177,-561,92,-227,326,-448,15,-289,-1273,-5,-133,-33,-133,-255,66,-218,-35,-380,-118,23,290,-243,-33,-158,92,-532,-66,26,-214,-188,-107,-276,-355,648,406,44,-51,620,,605,-151,-419,-178,-84,16,4,-325,-162,127,-129,-185,24,-203,-189,-122,86,190,-168,-427,-137,-192,-72,66,-92,791,791,5904,1049,-569,393,-257,106,-351,297,13,-237,440,-124,129,-109,48,42,-199,1597,108,214,193,167,171,507,1663,437,-48,20,31,0,0,0,0,0,48,0,26,99,0,0,0,0,347,-38,279,-79,-15,-5,351,-88,15,1,26,-7,-53,123,-58,27,0,-53,-79,87,-39,-19,29,0,0,-11,-16,18,24,37,60,4,769,653,70,6,-116,68,1,-8,31,-18,0,0,-39,-29,8,155,-42,29,0,-536,57,-24,-140,-39,-39,-79,-25,-24,6,15,-32,-30,-121,-61,-848,-124,-321,-21,249,0,-12,-49,-21,14,0,-30,-36,-63,-80,-42,-52,-34,-44,-60,-40,12,-24,0,-70,-140,-155,58,55,-84,-87,-37,-68,-48,16,79,36,11,-26,2,1,-25,-16,11,87,57,19,10,-36,-479,0,-598,0,0,135,0,-55,-84,-169,14,-121,532,-2,-12,56,0,-60,-21,-101,12,28,-7,-26
2016. 10 월,-5109,-176,51,-170,-351,-265,-102,-172,-646,-291,-148,-295,-403,-145,-515,-552,482,-345,-182,-569,-137,-287,294,-357,828,-656,-1556,-22,-167,-81,-223,-298,44,-180,-281,-424,154,-18,245,-274,5,-226,190,-593,-48,-49,-359,-59,-211,-331,-307,771,285,84,6,448,,556,-26,-798,-125,63,52,25,-549,-191,15,-45,-366,38,-312,-147,-128,-39,212,-210,-205,-144,-62,-175,152,24,1120,1120,6141,465,-913,111,-258,-13,-239,523,67,-333,500,-125,-15,26,142,-52,-146,2883,-42,683,160,196,-182,563,1516,549,-23,34,-3,0,0,0,0,0,-16,0,16,67,0,0,0,0,518,97,506,-31,-43,-18,-313,491,-2,1,-12,-18,-66,16,-55,-28,7,-47,33,267,-12,55,78,0,-24,8,49,12,42,1,64,-6,736,723,2,-49,-60,27,-70,45,79,-23,0,0,-37,-39,18,167,-57,10,0,-568,-219,-83,-162,32,-18,-69,-50,21,7,-6,-9,-30,-4,22,-273,-123,-143,-39,375,0,90,16,-9,-14,0,-43,-27,-20,-91,-53,-54,-67,-2,12,-21,5,3,-24,-44,-492,-215,-138,19,-28,-204,45,24,-29,41,-91,12,-7,14,12,15,11,-6,-50,73,36,-7,9,-28,-72,0,-621,0,0,164,0,-59,-18,-137,60,12,736,-10,-35,13,0,-42,-16,-27,-16,-3,-30,-43
2016. 11 월,-6441,-271,-87,-215,117,-298,-214,-192,-617,-316,-205,-628,-474,-262,-404,-747,623,-490,-173,-427,-340,-338,-53,-684,713,-459,-1421,-5,-124,-49,-188,-263,-60,-245,-206,-326,23,-126,373,-129,120,-331,115,-356,-129,43,-334,-202,-290,-95,-569,1220,45,112,-57,524,,225,-179,-656,-164,204,45,-9,-570,-183,8,-54,-261,-80,-387,-317,-180,-262,606,-234,-348,-151,-165,-109,62,15,912,912,5413,359,-1026,145,373,288,-232,606,79,-686,711,-310,312,-405,79,641,-189,1682,-65,713,173,-422,-220,460,1292,1186,-37,-31,34,0,0,0,0,0,-35,0,-90,28,0,0,0,0,182,441,25,-17,-34,26,-193,-84,33,61,25,0,7,-42,-30,-22,-35,21,0,697,60,113,36,0,-8,-2,309,25,72,156,-35,-29,1321,1022,-5,17,-62,150,-39,8,114,3,0,0,-53,-11,92,181,-83,-13,0,323,-486,-120,-95,-48,-57,-52,-34,-7,-1,273,212,-1,631,108,62,42,-2,-143,468,0,244,11,-39,64,0,-35,-49,-43,-64,-29,-84,-83,-118,11,-38,35,-15,12,-83,-160,-260,-51,-12,474,-233,8,177,-39,-37,-242,14,-10,18,-10,27,0,-44,-33,38,20,33,43,-41,32,0,-681,0,0,17,0,-89,-26,59,184,-91,511,-1,-15,31,0,51,-19,-2,19,35,29,20
2016. 12 월,-7919,-320,-141,-190,806,-293,-392,-415,-819,-291,-326,-834,-590,-280,-462,-743,337,-493,486,-502,-492,-305,-306,-797,118,-675,-1928,-27,-193,-115,-229,-263,-135,-281,-353,-464,-246,-147,854,-60,-164,-238,133,-1200,-54,89,-279,-260,-589,-285,-792,970,-88,104,-52,125,,188,50,-384,-211,9,43,40,-1881,-311,-472,-268,-768,-62,-773,-275,-292,-384,496,-318,-546,-149,-153,-172,-1,-71,1300,1300,7239,151,-140,148,331,161,-104,605,-73,-558,791,-346,707,-84,-10,464,-108,1386,-320,590,482,-272,-145,308,2102,971,108,7,45,0,0,0,0,0,15,0,-101,128,0,0,0,0,437,373,118,-95,-38,-67,-483,-256,80,37,0,3,-22,-42,-51,48,-51,866,17,505,-201,-25,-99,0,34,-4,5,8,120,569,70,28,2091,829,-67,-74,208,177,3,-16,167,63,0,0,-11,13,518,212,-4,73,0,215,-1180,-234,-177,-131,-142,-1,6,23,-9,171,678,500,627,84,1331,-133,-447,-862,395,0,2029,70,-75,141,0,-21,6,19,250,-17,-41,-73,20,0,-25,71,5,34,-15,-7,-333,-121,-53,579,-42,-59,139,-104,56,-239,36,10,45,-15,-16,30,18,49,-1,-10,14,41,-31,606,0,-984,0,0,-284,0,-53,-57,85,-80,-56,969,45,51,25,0,26,-27,515,95,40,-7,303
2017. 01 월,502,-219,-99,-39,888,96,-233,-105,-455,-78,-174,-362,-143,13,-188,-293,685,-82,298,-51,-98,397,-14,-115,556,317,-1137,-12,-207,-32,-238,-206,119,-159,-182,-248,-4,-233,421,-38,-82,-99,63,-242,-42,65,-324,-296,34,-189,-370,880,282,102,-49,269,,177,104,-291,-262,174,20,38,209,-105,82,-35,-125,392,194,-76,-37,40,477,-210,-594,-263,-166,-228,153,-90,795,795,4629,145,31,96,427,-167,-195,692,-85,-337,499,-329,191,-47,76,183,-63,828,-201,105,75,52,-32,506,1697,451,164,-194,-8,0,0,0,0,0,17,0,-1,53,0,0,0,0,-1118,-120,175,-58,-16,-125,36,-361,57,-39,-1,-1,-46,-88,-53,-68,-24,-396,10,-70,332,-44,-91,0,37,-76,-158,68,131,-230,-19,-20,243,672,-81,-120,76,18,-101,-8,114,-95,0,0,-74,-44,-139,127,-66,-36,0,-1158,209,-152,398,-80,-22,-64,6,-11,-17,-130,-301,-221,-609,-164,-1154,-145,-216,500,297,0,-862,-26,-32,-87,0,-4,-44,-41,-183,-46,-98,-88,80,-36,-37,-8,-18,-5,-55,-1245,-203,-161,-48,-476,23,14,-42,-9,-98,-193,60,20,-4,2,-31,5,-34,-17,-9,51,-24,-36,-35,-600,0,-624,0,0,104,0,-118,6,3,-23,-203,723,-15,69,-48,0,-20,-19,-207,-15,-44,-14,-155
2017. 02 월,3125,29,-32,-1,916,265,188,-88,202,-166,-276,-274,-242,211,55,-388,710,-144,105,-119,258,783,-45,-228,491,915,-694,-14,-71,-23,-173,-272,312,-303,-348,-496,-97,165,641,271,-214,-122,50,-616,-33,143,-296,-90,-259,-458,-611,988,-26,191,-38,250,,577,-188,-464,-456,57,65,-20,-960,272,-238,-322,-540,-132,187,44,-104,229,172,-154,-1280,-281,-333,-374,-94,-198,1000,1000,4195,0,233,-117,170,-557,-467,733,-36,-606,4,-528,51,102,232,270,-199,748,-277,13,-44,44,-48,1356,2278,483,129,-81,301,0,0,0,0,0,-45,0,-67,120,0,0,0,0,-502,296,166,-194,-148,-189,411,-267,-40,97,43,-33,-85,-17,-99,-113,-53,-260,-17,91,273,-97,-116,0,5,-39,-97,32,139,-114,104,1,1049,1281,-104,-162,272,-23,-153,172,48,-86,0,0,-61,-62,-83,62,-23,-29,0,-1105,-154,-304,340,-131,-59,-3,19,-11,-6,-59,-172,-77,-418,-70,-1371,-306,-352,241,470,0,-593,-5,-101,-98,0,-16,-49,-59,-94,-65,-142,-143,23,-2,-65,5,-14,-15,9,-1715,-443,-280,107,-323,-153,-32,-133,-3,-62,-83,74,19,-2,-19,-4,-18,-40,-47,-194,16,-41,-61,7,-2055,0,-1122,0,0,-39,0,-294,-92,-29,-70,-361,551,-3,-89,-76,0,-14,0,-176,6,-45,-64,-138
2017. 03 월,450,760,-69,-11,425,61,-78,-221,-114,72,-383,207,-403,42,-26,-466,857,-233,81,-208,43,518,-406,-294,-30,326,-1457,18,-69,-8,-186,-30,-204,-292,-166,-401,-202,-84,448,-52,-77,-235,83,-1171,-63,-167,-340,-205,-153,-659,-726,1142,158,168,-45,201,,396,-42,-228,-325,44,16,-27,-876,132,-101,-286,-483,-138,-672,-198,-211,-129,142,-276,-1141,-266,-413,-469,67,-60,1434,1434,5702,1262,-440,-119,-250,-372,-550,724,-75,-606,-211,-539,-13,-158,221,255,-147,996,-169,777,290,194,46,1162,2733,367,147,-15,48,0,0,0,0,0,-18,0,-2,164,0,0,0,0,-46,-300,-37,61,-111,-105,-394,540,14,55,54,8,-42,31,135,101,14,-88,18,-263,-140,-48,-171,0,8,-41,-31,17,152,-14,-6,11,1342,695,-110,-8,461,75,-210,177,116,-76,0,0,-1,-39,-23,322,-107,70,0,-793,-274,-229,321,-137,-51,-91,54,63,14,-25,-75,-75,-258,-30,-961,-348,-206,-72,275,0,-407,18,82,-28,0,-60,-43,-18,-101,-65,-75,-82,181,68,-41,-46,-1,14,-6,-1264,-525,-209,290,-101,-417,-20,8,-32,-55,-105,31,39,0,-20,7,7,-32,0,-123,55,-28,-70,36,-1149,0,-1086,0,0,-196,0,-259,-10,-114,-41,-245,574,-4,70,94,0,-17,-11,-14,24,80,37,-31
2017. 04 월,-2245,136,-110,-145,147,74,-55,-139,-403,-76,-301,-262,-84,-99,-23,-283,522,-186,50,-72,-226,8,-224,-311,-189,6,-1273,-40,-140,-125,-170,181,-131,-301,-264,-249,-104,-154,426,-149,59,-159,47,-724,-72,-115,-269,-131,-115,-382,-469,829,-140,79,-27,147,,54,134,-131,-312,-88,0,4,-905,-11,-223,-216,-162,-293,-284,-105,-78,-147,343,-297,-627,-153,-248,-399,173,0,1157,1157,3844,593,143,-135,-439,-189,-449,255,-24,-509,-125,-404,108,16,119,33,-99,717,-78,424,18,-27,65,719,1603,1071,206,-96,44,0,0,0,0,0,-10,0,28,266,0,0,0,0,7,-275,263,106,-65,-19,-67,33,111,28,-31,-9,10,-25,1,10,-42,-48,26,778,-92,29,517,0,-2,-54,339,25,4,-30,39,3,1193,507,-40,135,498,19,-69,35,35,-29,0,0,-7,-16,-21,120,-20,46,0,-544,-233,-107,-23,-18,-36,-4,52,20,0,-37,-57,-3,-107,9,277,-173,-140,46,318,0,-107,43,222,1,0,5,-46,39,16,-12,-80,-4,8,84,-54,40,24,4,43,-526,-233,-133,117,-54,-124,8,50,-52,-54,12,9,-17,-3,18,-30,-6,15,10,-76,23,11,-59,42,-738,0,-612,0,0,-73,0,-125,-27,18,-3,-168,473,-15,-49,29,0,-7,-19,-73,24,21,-73,-59
2017. 05 월,-1897,111,-13,-32,176,-36,-215,-33,-312,-115,-237,-506,-393,-80,-73,-557,899,-335,42,395,-189,54,-310,-411,278,-5,-1394,-20,-114,-99,-205,-21,-222,-273,-342,-439,53,-210,548,-35,106,-231,110,-906,-82,-91,-326,-121,-146,-505,-550,915,163,106,-38,275,,68,64,-208,-235,31,47,53,-398,-41,-61,-93,-139,-64,-711,-324,-237,-318,510,-342,-659,-146,-290,-286,101,-38,2068,2068,4637,425,-143,-159,-486,-398,-448,368,-55,-363,-28,-311,85,160,86,139,-72,580,-98,525,203,520,447,1063,1446,467,206,-49,41,0,0,0,0,0,-20,0,220,286,0,0,0,0,-157,-41,91,71,-60,-69,-40,-38,42,-27,61,11,-27,-90,-18,-4,-4,-18,3,2,-105,-38,79,0,-13,-67,75,33,118,-77,-33,30,826,536,-39,7,489,72,-97,-1,30,-57,0,0,-45,-20,-20,46,-78,3,0,-477,-172,-177,154,-42,-32,20,28,-16,-7,-20,-81,-23,-62,-47,-560,-258,-147,-30,266,0,-124,63,-23,21,0,-3,-25,-4,-26,-27,-51,-66,27,-16,-26,-2,-50,-17,-42,-942,-316,-62,11,-43,-209,-8,-40,-78,-86,1,-13,6,20,7,-52,8,-15,-44,-26,-3,12,-29,17,-457,0,-678,0,0,-27,0,-167,-67,11,40,-123,830,-10,-59,-9,0,-22,-23,-42,-18,-6,-33,-54
2017. 06 월,-1559,43,-37,123,138,124,-239,166,-412,7,-6,-743,-336,53,-176,-274,715,-233,45,138,-122,54,-316,-344,390,-317,-1440,-1,-127,-70,-107,-132,-210,-185,-348,-331,46,-196,356,-34,-26,-84,9,-565,-70,-66,-259,0,-2,-353,-450,635,426,276,-25,316,,40,42,-294,-177,140,56,52,-368,-32,-79,-138,-215,96,-708,-249,-125,-354,348,-328,-556,-197,-240,-321,169,33,1743,1743,3209,452,-304,-160,-609,-437,-353,319,-19,-311,71,-277,147,197,57,2,-198,410,-68,545,230,576,104,625,1412,397,193,-85,-34,0,0,0,0,0,-26,0,52,301,0,0,0,0,489,4,103,-18,26,-72,-100,-95,55,43,-26,-12,6,-33,234,153,-7,243,-15,-42,-247,23,-99,0,2,3,17,54,475,-27,-244,1,1276,440,-51,7,520,135,-42,-6,193,-45,0,0,-14,-2,-15,75,-29,110,0,-557,-374,-127,12,10,-20,-38,69,18,11,-14,-28,-13,-45,-18,-600,-280,-157,-70,317,0,-94,29,-41,24,0,0,-18,-43,-1,-35,-68,-38,-23,-17,-43,-11,-3,-19,-9,-763,-197,-85,-8,-125,24,0,13,-10,-23,-178,-14,-38,4,-11,-64,-22,-22,83,-97,-31,-6,11,33,-565,0,-968,0,0,68,0,-97,-57,308,-48,-316,791,-43,-21,5,0,-25,-14,-37,-7,6,-61,-49
2017. 07 월,-2494,135,22,-5,103,131,-209,107,-330,-191,-34,-762,-313,-6,-8,-203,456,-221,-53,7,-72,-106,-210,-264,202,-670,-794,-47,-33,-62,-94,163,-298,-134,-358,-271,60,-133,315,79,-39,-89,147,-576,-61,30,-233,-53,-41,-363,-414,559,142,164,-68,121,,-24,531,-601,-156,61,47,67,-282,-97,-92,-107,-80,94,-227,-34,-127,-130,374,-310,-675,-133,-239,-175,-30,-98,1309,1309,4272,244,-365,-184,-636,-95,-296,427,-24,-456,-80,-189,-102,757,142,362,-193,312,-18,759,97,334,21,832,1474,275,641,-151,25,0,0,0,0,0,-53,0,123,289,0,0,0,0,-339,-70,179,-49,37,-36,27,-134,39,24,39,41,5,-99,-151,-91,-13,-115,28,-130,-171,13,-68,0,-40,1,-53,3,297,-38,-77,3,738,329,-28,-8,393,15,81,8,-13,-48,0,0,19,-49,12,6,-30,51,0,-655,-225,-131,-269,70,-33,-57,34,7,3,-9,-10,-30,-46,41,-341,-122,-102,11,284,0,-111,-11,-15,17,0,-39,-7,-48,-17,-33,-61,-24,17,-43,-23,25,3,-22,-20,-746,-224,22,-49,-207,-9,-64,2,-27,-96,-123,-15,-12,-12,-9,-38,19,-15,-13,-122,221,11,-1,15,-282,0,-767,0,0,-78,0,-61,28,74,10,-300,989,-6,-40,-10,0,-37,3,-83,25,27,-34,-22
2017. 08 월,-1813,142,404,139,341,245,-32,-104,-319,-111,-65,-798,-113,-87,-104,-379,450,-424,-36,-122,-8,154,-32,-354,250,-850,267,17,-54,92,-74,38,-224,-273,-334,-428,146,-39,723,48,150,-43,522,-1286,-109,-156,-364,-87,-224,-497,-954,1105,-185,184,-68,103,,-56,386,-741,-164,70,91,10,-43,-61,-257,-61,27,309,-259,-50,-147,-20,343,-385,-1064,-191,-413,-335,-95,-30,1330,1330,5221,33,-307,84,-840,-9,-64,486,-63,-858,-272,-144,-123,-46,299,941,-220,278,-102,530,318,225,245,958,2565,446,341,-11,63,0,0,0,0,0,5,0,114,349,0,0,0,0,-66,83,154,-55,-33,-50,48,-69,7,20,7,-6,23,-51,-80,-22,6,-65,17,-6,-154,-67,-23,0,-13,-29,-28,33,297,-57,20,15,1043,775,-97,3,387,38,49,-12,67,-24,0,0,-85,-27,-42,-28,-33,72,0,-801,-183,-114,-211,-68,-25,-39,-5,25,24,-32,-11,-12,-69,-81,-1141,-218,-198,-89,131,0,-164,-72,-79,-17,0,-69,-43,-47,93,-45,-113,-12,-24,-26,-59,-29,-21,-20,-20,-579,-275,-89,-3,-310,199,-117,36,2,-59,193,-5,-9,-15,6,3,-7,-30,-50,-206,211,-13,-45,4,-1536,0,-947,0,0,-83,0,-166,-41,-261,-90,-472,843,-38,-62,-6,0,-48,-18,-84,-31,36,-58,-10
2017. 09 월,-5052,133,242,166,59,-39,-205,-137,-511,-211,-200,-601,1,-204,-138,-499,297,-418,-162,75,-274,-146,-175,-793,-200,-1112,-584,-38,-113,71,-18,-219,-269,-142,-332,-420,27,3,343,-35,273,-46,331,-1139,-112,-218,-439,-184,80,-608,-819,1161,-467,321,-87,27,,-216,231,-512,-313,24,35,23,-272,-167,-111,-147,55,98,-371,-157,-95,-48,318,-389,-672,-317,-383,-247,50,225,1005,1005,6473,1110,-798,130,-1017,-282,123,601,-63,-976,-259,-204,321,10,148,1228,-87,885,14,-84,213,161,-64,1614,2531,621,358,-14,-12,0,0,0,0,0,-27,0,74,218,0,0,0,0,299,33,118,62,-24,24,86,104,4,14,34,-1,-11,-23,-39,-21,-1,-71,11,103,-179,-15,29,0,12,1,15,12,129,15,68,16,874,496,8,-64,448,-9,-53,-16,29,-22,0,0,-8,-33,-15,74,11,28,0,-512,-38,-172,-68,-51,-32,-8,-12,54,-18,-18,-37,4,-60,-56,-440,-145,-129,-92,113,0,-80,-57,-16,-21,0,55,-53,-48,202,-8,-79,-57,31,-11,-36,38,-27,12,-32,197,-183,-30,92,-163,90,-49,167,-35,-49,362,-20,18,-33,-6,15,20,23,28,-220,228,5,-34,-29,-390,0,-503,0,0,19,0,-82,5,-249,-37,-420,888,4,-20,26,0,-47,7,-23,8,46,-5,-7
2017. 10 월,-4242,-8,88,167,4,-11,-172,-193,-469,-87,-132,-611,-56,-163,-321,-231,158,-301,-68,176,-429,-115,-237,-756,364,-839,-2998,-54,-130,-31,-98,-488,-354,-260,-490,-454,-332,198,-180,-243,88,-261,91,-744,-92,-215,-435,-186,505,-485,-916,1080,180,242,-27,97,,-113,313,-511,-237,365,65,-14,-145,-84,-120,-63,78,44,-627,-246,-66,-176,85,-224,-224,-323,-113,-112,147,177,1273,1273,4910,471,-724,194,-848,-182,35,447,-18,-544,59,-75,251,-268,4,615,-142,813,47,294,165,96,-52,953,2086,862,209,-73,9,0,0,0,0,0,-27,0,39,214,0,0,0,0,419,-89,163,120,18,-47,454,-58,-1,60,3,24,-4,-40,-4,-25,30,-151,-34,136,54,19,2,0,16,13,-57,25,40,-11,31,4,803,493,-14,-31,361,5,-62,-22,49,-12,0,0,-30,-21,-1,14,8,66,0,-495,-243,-151,-90,-26,-7,-22,-4,66,3,2,0,18,15,-56,-220,-125,-34,-42,153,0,9,-9,-54,9,0,22,-11,-32,42,-12,-24,-34,-22,5,-16,35,-7,-26,-47,203,-118,-28,-95,19,212,-57,110,-43,-7,88,38,-23,18,-22,-14,45,-10,-22,-57,190,-6,-7,-8,868,0,60,0,0,28,0,-20,11,187,24,-232,772,-19,22,60,0,-23,-5,-16,33,-5,13,-22
2017. 11 월,-6160,-81,42,41,76,92,-380,-279,-528,-162,-228,-680,-132,-340,-183,-313,197,-445,-27,77,-446,-226,-384,-930,222,-1143,-2430,-72,-168,-41,-139,-492,-312,-278,-465,-347,-160,95,-48,-136,93,-267,307,-685,159,-237,-528,-308,218,-336,-912,1259,-102,212,-71,-158,,199,47,-601,-325,450,72,73,-509,-162,-209,108,-164,-82,-887,-281,-186,-263,-24,-133,-430,-263,-337,-232,190,212,1278,1278,6237,442,-633,188,-546,-35,28,376,-48,-755,32,-120,551,-291,472,1058,-159,1150,11,-234,767,-220,-163,941,1929,1148,279,-25,34,0,0,0,0,0,15,0,-5,50,0,0,0,0,1109,108,212,162,106,-75,528,-75,43,22,66,-28,-5,47,-13,31,67,-79,-8,601,-81,-32,-39,0,-4,20,19,16,127,546,50,-21,906,381,23,-5,275,43,-22,-15,-28,109,0,0,-62,-35,265,22,-11,-34,0,-431,-360,-148,-106,-43,-54,-25,-38,29,-2,-15,116,71,153,-9,-45,-152,8,-128,90,0,213,28,3,4,0,-12,12,-42,24,-42,-46,-105,168,60,-64,3,-47,1,-21,158,-124,-62,-48,662,-27,-67,108,1,-63,-98,43,-33,-13,-18,-32,-7,-23,34,-126,121,6,-30,-46,615,0,-158,0,0,-90,0,-80,17,136,32,-234,780,21,-5,-15,0,-19,10,99,99,9,30,-17
2017. 12 월,-6941,-111,53,156,52,22,-367,-492,-614,-241,-461,-844,-213,-246,-223,-441,236,-532,-160,-183,-596,-102,-401,-880,313,-666,-2491,-26,-218,-95,-90,-404,-371,-316,-458,-342,-127,-63,30,-67,85,-215,186,-1192,66,-50,-476,-215,-38,-409,-741,671,49,210,-98,-336,,614,134,-617,-450,503,117,-28,-2129,-234,-395,-231,-774,-495,-1297,-339,-338,-122,-260,-238,-265,-382,-59,-249,414,11,1665,1665,6435,267,12,502,-391,298,-253,620,15,-790,-34,-83,474,-303,419,1058,-206,799,-109,-22,848,-322,-258,914,2160,726,186,-61,21,0,0,0,0,0,-22,0,-54,24,0,0,0,0,848,265,276,-63,-29,-78,-412,-168,27,24,-16,7,-15,-71,-20,-15,-11,1134,13,372,-121,136,-123,0,23,17,-45,26,68,429,1,-39,1028,522,-99,-37,366,34,-90,-6,-10,32,0,0,-76,-13,431,32,-13,-45,0,590,-1617,-264,206,-266,-97,-63,-143,67,-5,-25,718,240,1746,93,1803,-108,-494,-575,234,0,2324,116,37,376,0,-54,-46,30,-76,-25,-81,-123,137,14,-7,142,10,10,-38,332,-254,-49,-78,205,-54,-106,114,0,-78,-57,32,42,-15,4,13,31,44,298,-47,268,-12,37,-6,578,0,-373,0,0,-317,0,-89,-15,89,-1,-303,709,124,-48,12,0,-6,21,347,209,130,-38,127
2018. 01 월,-26,-75,28,328,208,216,-202,-183,-360,23,-137,-573,16,-3,133,-280,356,-348,77,384,-259,825,1,-463,548,-286,-2182,-66,-159,-28,-129,-352,-287,-374,-271,-183,-182,-147,-37,63,27,-257,200,-459,98,46,-311,-124,-3,-352,-441,628,1303,210,-120,-463,,912,326,-739,-399,1565,12,-1,15,-105,124,9,82,-95,-318,-334,-255,338,119,-186,-492,-347,-176,-335,423,-57,1335,1335,7211,88,202,229,-522,309,-376,687,15,-798,-240,-66,146,435,385,1266,-175,712,-130,740,785,-101,-112,556,2748,623,77,-98,44,0,0,0,0,0,-82,0,-78,-58,0,0,0,0,-1293,139,99,-191,-138,-120,-157,-201,-44,-2,34,-16,-50,-78,-31,-58,-13,-523,57,-284,-49,135,-197,0,-4,33,-151,-3,83,-168,67,-30,332,924,-112,-97,212,14,-109,-45,-35,-70,0,0,-47,-50,-189,-23,29,-70,0,-1859,508,-84,-680,20,15,0,-21,18,-13,-12,-324,-141,-1015,-130,-1669,-173,-141,501,157,0,-1234,-3,-13,-191,0,-62,-37,-28,-110,-38,-128,-22,-106,-69,17,36,-7,-29,11,-1825,-381,-132,-209,-737,147,-66,-49,-68,-144,-185,13,17,-11,-9,-9,9,-42,-80,-143,383,-34,-48,-47,-504,0,-3,0,0,-136,0,-52,-5,160,-100,-372,529,-16,-41,-107,0,-31,-31,-170,-23,-48,14,-72
2018. 02 월,773,-73,145,242,286,86,124,-74,-56,-5,-224,-473,-19,30,293,-178,382,-447,-81,335,-29,840,95,-449,327,-304,-922,-56,55,-68,-113,-347,-86,-42,-311,-70,-174,265,232,-99,23,-242,111,-636,-13,173,-335,-28,-24,-416,-402,409,392,215,-186,142,,395,203,-771,-716,1213,-24,-79,-651,-25,-231,-131,-65,-199,-775,-136,-189,-91,-154,-205,-1061,-522,-450,-416,372,-45,2015,2015,7175,-23,-115,221,-734,188,-389,742,-49,-1618,-247,-33,-118,738,382,1632,-240,828,-260,484,498,-72,11,744,4267,421,43,-11,8,0,0,0,0,0,-45,0,-62,-16,0,0,0,0,-1069,186,105,-237,-201,-121,-80,-139,-68,70,7,-45,-39,-95,-88,-130,-42,-169,17,154,-87,234,-194,0,-1,-33,54,14,209,-86,26,18,143,875,-101,-119,62,-22,-100,-37,-31,-35,0,0,-83,-47,-92,-88,8,-47,0,-1576,426,-316,-613,-50,-49,-87,-179,-28,5,-19,-156,-33,-384,-93,-1369,-140,-211,72,188,0,-548,-6,-49,-94,0,-51,8,-34,-65,-48,-98,-34,-86,-13,-26,18,-98,-29,-25,-1813,-517,-152,-180,-461,-78,-144,-21,-69,87,-141,-7,-48,13,-18,-3,4,-40,-93,-204,366,-13,-88,-6,-1279,0,-405,0,0,-79,0,-247,-42,-260,-25,-483,558,31,-74,-2,0,-46,-13,-133,-32,-31,14,-10
2018. 03 월,-114,178,126,143,739,-169,-161,-89,-342,9,-272,359,-202,-169,216,-555,198,73,-126,279,-182,1057,-243,-853,129,-257,-1633,25,-85,-117,-164,-346,-253,476,-414,-146,-235,-10,188,-248,-159,-330,185,-1275,-109,247,-445,-33,-52,-684,-563,364,-478,174,-179,253,,47,89,-983,-771,950,-9,-49,-1071,-180,-388,-284,-69,-150,-845,-60,-247,-237,-71,-230,-1165,-476,-584,-298,256,-63,1498,1498,7578,624,-468,-51,-642,-185,-66,853,-38,-1591,-128,-75,-140,529,303,1239,-56,740,-177,395,381,159,-30,1415,4024,514,105,-63,2,0,0,0,0,0,-43,0,41,7,0,0,0,0,-98,107,-65,86,-160,26,-120,210,-39,36,81,-48,-20,-31,-66,69,-31,-122,-11,366,58,203,-196,0,-28,1,88,-5,204,-52,16,77,949,778,-32,-53,104,61,-89,-34,28,-46,0,0,-23,-65,-22,201,24,117,0,-1199,-155,-227,-117,-128,-83,-85,-24,26,-17,10,-82,3,-256,-64,-577,-155,-257,-187,250,0,-325,-17,150,0,0,3,-2,11,-4,-39,-75,-48,-26,24,78,7,17,-9,27,-1272,-538,-130,-62,-298,-114,-85,59,-77,-38,-122,80,55,11,32,13,-28,-8,11,-203,176,17,-52,29,-1371,0,-849,0,0,-181,0,-161,37,-224,-80,-510,595,-1,-54,114,0,-53,-24,-74,27,28,46,-7
2018. 04 월,-2938,-150,-17,8,527,-141,-181,-90,-370,-272,-268,-471,-116,-200,88,-382,-46,-210,-181,171,44,417,-206,-841,142,-193,-1875,-38,-71,-64,-200,-303,-101,301,-278,-217,-236,-130,105,-194,-175,-340,66,-1005,-65,215,-330,-70,-154,-520,-346,265,437,98,-154,216,,-6,242,-565,-508,1063,75,-24,-959,-235,-303,-316,-139,34,-794,-280,-144,-169,30,-231,-802,-347,-332,-344,194,27,1787,1787,6671,-87,-471,8,-328,-359,33,684,39,-1014,-139,-79,118,392,615,816,-27,534,-122,604,179,106,37,1166,3204,751,-69,-77,10,0,0,0,0,0,-8,0,64,91,0,0,0,0,-408,-381,102,-41,-151,-76,-67,262,39,41,-23,-31,4,17,-23,-15,-11,-68,14,373,-96,83,82,0,1,19,-4,44,228,-3,-35,54,876,624,-91,-37,136,79,-105,-86,121,13,0,0,-2,8,-23,131,24,84,0,-763,-52,-82,-317,-67,-28,-27,-42,-17,18,31,-12,-5,-137,-26,-20,-246,-50,62,196,0,-116,1,91,14,0,25,-18,6,15,24,-71,-29,-50,26,-28,53,2,8,65,-455,-318,-106,-54,-163,-56,-41,-1,-26,-25,-54,96,64,6,27,58,23,-32,-8,-149,166,57,19,62,-736,0,-455,0,0,-177,0,-115,7,-140,-65,-362,559,55,-60,-8,0,-24,-17,-98,45,71,48,0
2018. 05 월,-4037,-84,131,-8,170,-193,-248,-177,-429,-282,-179,-379,-258,-171,104,-439,-165,-192,-114,167,119,15,-253,-1191,296,-277,-1901,-66,138,-68,-219,-364,-131,178,-249,-163,-240,-138,115,-131,-188,-403,28,-1132,-28,171,-316,-36,-316,-509,-349,251,229,305,-146,-119,,13,140,-528,-425,1013,19,-43,-415,99,-224,-210,-213,133,-546,-258,-70,-66,5,-157,-736,-356,-259,-232,39,72,1216,1216,7522,317,-485,-68,296,-419,-82,633,37,-719,-52,-43,188,468,557,784,-173,482,-201,716,350,363,100,1119,2038,937,-7,20,-18,0,0,0,0,0,-13,0,212,185,0,0,0,0,-136,-189,-39,-31,-28,82,-15,-51,30,51,30,35,11,35,-28,10,-18,-51,30,394,-24,70,25,0,0,-17,17,-2,270,-35,63,27,548,618,-91,-32,-12,250,-90,27,27,23,0,0,-50,-41,61,-86,-8,-48,0,-675,-380,-95,-373,-41,1,58,25,4,24,86,60,56,-69,-31,-434,-197,-47,-158,154,0,-85,-13,8,29,0,38,10,-25,13,5,-51,-73,-31,-32,-52,24,0,17,32,-425,-205,-89,-34,-191,-198,-65,-38,-27,-74,12,236,-18,12,58,20,24,-19,29,-63,139,64,-5,7,-173,0,-314,0,0,-163,0,-137,73,82,36,-270,479,29,-8,27,0,19,41,-71,-4,13,-38,33
2018. 06 월,-2413,-240,-39,-44,272,-164,142,-220,-394,-124,-150,-391,-205,-177,221,-370,-95,-135,-147,79,152,280,-253,-744,456,-123,-1909,-130,81,-92,-133,-393,-118,35,-281,-238,-189,-131,1,-88,-219,-200,186,-283,-51,179,-187,7,-223,-257,-4,253,349,170,-99,-105,,11,196,-597,-319,1067,30,-5,17,-102,-1,-15,-8,143,-32,-59,-17,173,98,-227,-916,-336,-419,-301,-80,220,1293,1293,7629,323,-581,-111,-269,-475,-139,673,-28,-422,436,-72,296,556,351,598,-95,452,-122,787,263,882,24,1191,1719,822,413,-53,-19,0,0,0,0,0,25,0,90,114,0,0,0,0,-314,16,46,-173,-74,-92,-3,20,-27,10,-30,-25,2,2,-27,10,106,-73,-2,-186,-146,148,-85,0,-27,-23,-103,14,108,-78,-8,14,276,545,-49,-36,112,155,-97,-36,69,-54,0,0,-50,-50,-66,-81,-54,-32,0,-1091,7,-111,-315,-66,-34,-91,-24,-12,-16,-85,-100,-56,-99,-89,-1362,-80,-143,-15,135,0,-174,-78,-56,-64,0,-30,-59,-98,-115,-38,-39,-45,-105,-64,-58,-103,-49,-22,-62,-1113,-160,79,-146,-176,-148,-36,-67,-66,-59,82,-136,-25,-19,-23,-45,-22,-61,-37,-85,59,-13,-33,24,-510,0,-255,0,0,-101,0,-85,19,106,-46,-163,330,-14,-38,-78,0,-15,42,-39,-43,-44,-19,-67
2018. 07 월,-2407,-155,-24,-16,190,-140,449,-193,-438,-313,-167,-429,-323,-242,86,-248,-136,-175,44,164,250,246,-367,-485,267,-252,-1810,-105,14,-139,-189,-458,-184,333,-293,-237,-257,-196,221,-72,-164,-276,192,-717,-40,118,-341,-1,-282,-328,-114,271,-112,197,-100,0,-240,64,232,-587,-384,665,42,-1,181,-110,-3,-79,118,255,298,18,-33,13,451,-151,-815,-400,-302,-285,154,18,1004,1004,8168,106,-652,-30,-370,-332,-153,682,-24,-763,-40,-46,39,515,191,497,-219,433,-208,2697,356,276,533,1454,1737,1227,244,-122,-44,0,0,0,0,0,-56,0,62,178,0,0,0,0,-604,60,71,-124,-49,-89,81,-49,53,48,-56,-10,-35,-99,-120,-95,-63,-107,-21,323,124,60,-80,0,-36,-33,-59,30,276,-53,71,23,60,373,12,-60,-22,151,-130,-44,97,-64,0,0,-18,-55,-88,-50,-20,-22,0,-1232,85,-163,-355,-101,-78,-40,-127,-7,-18,-46,-89,-83,-98,-112,-1178,-82,-129,-7,103,0,-135,-60,-86,-55,0,-52,-47,-26,-86,-37,-101,-40,-65,-60,-34,-72,-17,-37,-53,-1119,-248,29,-111,-140,-211,-66,-51,21,-83,103,-93,-2,-17,-21,-20,-22,-37,-48,-110,80,-33,-58,19,-579,0,-471,0,0,-78,0,-91,59,136,-19,-175,566,-47,-29,-145,0,-70,-36,-97,-32,57,-31,-76
2018. 08 월,-802,-63,12,24,347,49,461,-155,-200,-357,-159,-367,-129,-36,36,-286,-37,-210,-71,163,399,469,-233,-235,64,-288,-1497,-49,-12,-65,-180,-425,-220,247,-379,-297,-260,-23,331,-52,-13,-239,139,-1008,36,-82,-450,12,-68,-471,-242,257,-484,243,-48,0,-65,-17,-127,-562,-331,372,34,17,140,-47,-85,-24,209,87,-150,192,-212,-145,371,-356,-923,-371,-339,-263,37,13,1335,1335,7744,45,-959,156,-521,-913,-352,447,-18,-736,-108,169,-135,795,110,1146,-226,634,-146,2027,948,136,484,1323,2169,818,204,18,-4,0,0,0,0,0,-4,0,68,169,0,0,0,0,-512,76,47,-96,-72,-58,-44,-66,-9,81,-57,-53,-13,-17,-52,-105,-6,-75,7,-22,-16,40,-102,0,-11,-48,-88,-2,271,-47,-75,56,351,651,-29,-39,76,99,-102,-20,72,-73,0,0,-59,-94,-39,-80,-17,5,0,-1145,-86,-146,-290,-108,-5,-101,-70,-6,-8,-38,-50,-24,-144,-69,-1449,-47,-234,130,84,0,-228,-113,-66,-45,0,-95,-80,-59,-74,-77,-64,-66,-35,-78,-60,-65,-35,-43,-99,-1091,-275,-69,-77,-198,-231,-123,32,-17,-62,220,-84,-21,-2,-21,-28,-15,-104,-21,-80,179,-25,-50,-19,-966,0,-486,0,0,-22,0,-146,43,67,-18,-233,371,-31,-46,-123,0,-39,-57,-110,-22,-23,-33,-58
2018. 09 월,-1713,36,45,-15,204,-23,0,-164,-247,-186,-228,-209,-189,62,40,-142,61,-128,53,150,43,357,-370,-449,-73,-341,-1168,-31,3,-31,-112,-311,-352,187,-216,-125,-155,-11,135,-54,-100,-181,186,-639,272,-54,-386,-177,35,-376,-96,143,-194,313,-40,0,-186,1,-23,-380,-248,343,38,-12,109,-50,13,-91,311,-74,-270,118,-128,-210,98,-148,-638,-258,-204,-246,35,35,1322,1322,5822,272,-518,319,-460,-429,-210,331,-41,-319,-264,108,138,196,162,667,-263,732,-41,1617,756,-5,131,751,1675,423,206,-3,-1,0,0,0,0,0,-52,0,10,-66,0,0,0,0,4,-71,174,-35,-56,-57,-11,184,-6,30,26,15,-10,-50,-39,-13,-34,-28,-15,137,277,-23,-26,0,-25,-22,-39,-4,69,-71,-23,24,198,304,20,-27,33,162,-86,-29,-94,-12,0,0,-11,-43,43,-22,0,-40,0,-727,41,-102,-114,-120,-17,-73,-52,-22,-15,15,-105,-47,-63,-53,-1153,-43,-67,-48,50,0,-154,-68,-63,-43,0,-4,-38,-66,-44,-44,-63,-59,-74,-88,-45,-39,-48,-51,-54,-517,-75,-36,-127,-123,-116,-68,158,44,-50,115,-47,5,-3,-6,-18,-36,-3,-31,-77,64,-40,-22,-25,-840,0,-300,0,0,-96,0,-90,-54,23,4,-156,171,37,-61,-104,0,-10,-26,-61,-11,3,-55,-54
2018. 10 월,-2936,-60,35,23,100,64,-192,-130,-371,-225,-322,-499,47,-233,320,-292,-85,-219,47,144,-20,13,-476,-148,44,-501,-1790,-37,44,-38,-210,-476,-474,128,-328,-183,-280,-192,165,252,-127,-162,128,-948,219,-36,-473,-227,-11,-343,-240,163,123,486,-100,0,-248,618,-257,-576,-424,551,96,-23,133,62,205,-151,-2,19,-697,-20,-231,-333,204,-317,-624,-294,-175,-172,-8,25,1105,1105,7136,-3,-528,314,-688,-731,-371,812,-36,-147,-76,83,333,-175,85,1053,-220,1180,-81,1148,740,125,31,1011,2664,538,250,-171,4,0,0,0,0,0,-1,0,-1,-6,0,0,0,0,-177,-114,308,-19,-39,-88,6,-32,-11,52,-74,-10,-8,-5,-16,-7,-39,-76,-5,664,431,145,-42,0,-5,-21,14,-9,228,-21,-64,8,534,627,28,-86,21,225,-121,-34,28,-62,0,0,-15,-61,-9,14,9,-30,0,-808,37,-159,-212,-62,-53,-49,-29,-17,19,-30,-32,-19,-77,-125,-887,-115,-128,93,130,0,-152,-49,-44,-44,0,-4,-62,-67,-17,-36,-43,-40,-9,-52,-86,-34,-43,-31,-54,-420,-227,-74,-138,-157,-26,-20,138,127,-64,173,-35,-17,-17,8,-11,33,-11,-32,-135,108,-16,7,-34,-744,0,-450,0,0,-34,0,-24,28,-103,-23,-178,240,-43,-44,15,0,-45,-16,-79,-37,149,-49,-51
2018. 11 월,-3522,-59,21,58,-107,267,-402,-155,-355,-291,-297,-503,16,51,334,-364,67,-197,466,-24,42,-329,-588,-631,-9,-533,-1691,-40,-42,-87,-158,-579,-230,-33,-366,-221,-280,-173,254,535,-165,-180,74,-954,62,-197,-359,-140,-94,-166,-244,184,179,466,-167,0,-227,727,-168,-611,-342,503,5,-7,-554,13,-132,-171,-347,83,-541,73,-246,-306,121,-183,-584,-296,-31,-225,-22,-10,825,825,5849,-94,-343,209,-701,-792,-232,703,-61,-85,390,55,150,-261,278,980,-68,1848,-30,119,297,-574,-272,1140,2682,350,555,-173,22,0,0,0,0,0,17,0,-107,-153,0,0,0,0,63,17,200,150,-4,-5,-7,-80,13,-21,-1,-27,-13,-34,-44,-9,-10,-41,-21,338,142,108,-40,0,-25,-1,-41,-66,46,273,-53,-5,692,382,61,-72,327,153,-8,-44,-7,-22,0,0,-14,-74,121,-4,-20,-87,0,-768,5,-37,-328,-66,31,-93,-42,-11,-2,-13,-52,-35,-59,-66,383,-38,-258,-281,146,0,976,76,-37,-27,0,-35,-55,217,-56,-3,-119,-13,-5,-46,-41,29,-5,29,-71,489,-169,-61,-38,339,-105,-51,627,175,-80,-28,-30,70,-10,0,-11,29,-45,8,-116,24,11,-24,-26,-392,0,-220,0,0,30,0,-60,6,-28,-57,-131,191,-1,-48,19,0,4,-8,8,-22,-25,-8,-42
2018. 12 월,-3083,-106,38,-76,-171,20,-651,-152,-409,-189,-237,-620,-78,29,300,-454,-39,-239,168,225,446,38,-442,-236,219,-467,-2278,-75,-79,-79,-162,-502,-552,-227,-383,-129,-423,-184,541,344,-60,-402,94,-1755,-40,-31,-316,-159,-387,-351,-631,160,292,418,-132,0,14,955,-280,-534,-467,348,21,-51,-1410,-167,-331,-229,-523,-160,-1127,158,-408,-383,-106,-388,-686,-393,-6,-255,69,-101,1038,1038,7161,-398,-73,613,-609,-586,-189,513,-43,-202,59,64,-96,1,250,1076,-30,1709,56,1154,346,-240,-47,1230,2560,123,348,-185,-28,0,0,0,0,0,-47,0,-93,-75,0,0,0,0,-233,-15,177,91,-60,-58,-104,-187,-8,-68,-30,-38,-4,-16,-29,41,-11,1,85,794,-53,21,-61,0,42,-6,122,-98,253,698,-82,-42,944,366,12,79,354,101,-84,36,-36,58,0,0,-49,-34,202,-27,-15,-19,0,-733,-1524,-100,-251,-112,-55,-85,-150,-35,44,516,1116,78,-66,-109,1462,-125,-348,-941,191,0,2581,191,-37,439,0,-22,-53,-134,-5,-52,-85,-46,-57,-9,-4,87,-15,-14,-80,237,-245,64,-211,352,-286,-149,432,91,-91,80,7,56,23,11,24,30,-23,189,-52,25,-11,-38,-41,-642,0,-469,0,0,-130,0,-108,-73,-26,-29,-218,241,24,-46,26,0,9,-12,169,56,-15,-12,-29
2019. 01 월,3096,-126,139,193,-111,81,-311,22,-193,-114,-297,-566,230,262,383,-318,377,-42,228,399,711,665,-24,-156,1878,-214,-1898,-34,-26,-4,-217,-384,-144,-193,-371,-119,-472,-330,491,262,-75,-302,20,-845,-59,-2,-290,-79,-337,-245,-422,589,756,562,-119,0,106,918,-284,-510,-451,450,38,46,583,27,159,140,109,148,-609,-110,-116,-134,75,-324,-712,-448,-235,-269,290,-50,1217,1217,6322,-288,-378,558,-702,-478,-151,375,-93,-189,-17,19,-203,77,231,1010,-63,1189,19,733,352,309,3,1081,2863,75,310,-215,-91,0,0,0,0,0,-24,0,23,-13,0,0,0,0,-864,-100,301,-58,-98,-113,-67,-247,-45,-57,-120,-6,-54,-83,0,-51,-32,-67,33,-48,603,17,-158,0,-30,-13,-235,-49,274,-407,-22,-28,-147,431,-152,-64,272,37,-12,-49,7,-52,0,0,-76,-47,-239,-92,-29,-82,0,-1473,311,-71,-632,-73,2,-43,-56,-12,-29,-20,-608,-78,-85,-79,-2775,-261,-96,470,137,0,-1895,-112,-41,-213,0,29,-35,-207,-45,-73,-139,-51,-1,-43,-37,-9,-20,-52,-81,-1886,-64,-109,-94,-335,-327,-90,-275,-187,22,-103,-55,-16,65,-27,-52,14,-33,-121,-46,89,-49,-38,-55,-847,0,-280,0,0,-31,0,-150,-48,152,-24,-299,271,-33,-65,-127,0,13,3,-145,-25,12,-47,-24
2019. 02 월,6481,6,146,147,4,336,241,-50,491,-85,-222,-471,311,609,391,-288,286,16,257,650,912,1147,35,64,1814,-266,-990,23,60,-59,-111,-179,-49,-76,-456,-224,-452,81,572,107,0,-270,43,-1703,-72,-262,-449,-148,-360,-446,-289,323,-79,816,-153,0,-217,623,-295,-570,-559,354,31,-109,-389,-109,-187,168,-319,58,-318,181,-171,-71,47,-304,-1025,-496,-358,-413,269,-27,1483,1483,5698,-160,-439,304,-492,-825,-269,807,-60,-298,-310,34,-187,461,210,1433,-250,1224,152,546,113,65,61,963,2697,63,175,-104,-102,0,0,0,0,0,-51,0,-40,-23,0,0,0,0,-868,-122,281,-28,-96,-76,-44,-258,-37,-64,-25,46,-76,-141,-60,-99,-23,-90,44,-313,114,12,-125,0,-8,-47,-117,-18,141,-162,-90,-13,-53,731,-120,-120,225,-74,-68,-56,-55,-5,0,0,-108,-83,-84,-105,-102,-29,0,-1606,325,-153,-715,-100,-99,-83,-185,6,-8,-161,-178,-14,-126,-115,-2206,-264,-230,42,196,0,-913,-27,-67,-100,0,55,-71,-68,-111,-79,-133,-70,-111,-57,-37,-46,-65,-17,-33,-1976,-467,-135,8,-240,-329,-135,-123,-99,-23,-88,-25,-38,-26,-37,-81,15,-41,-17,-47,58,-15,-87,-4,-2122,0,-812,0,0,17,0,-235,-195,-13,-100,-422,129,-12,-137,-133,0,65,-3,-120,-35,-16,-44,-56
2019. 03 월,3072,83,70,35,-157,-132,-212,-134,1140,-354,-216,15,242,103,-42,-253,203,626,15,397,306,693,-286,-146,1528,-452,-1475,-6,-34,-43,-132,-319,38,-158,-604,-279,-150,-109,242,49,-35,-61,126,-2075,-73,-225,-361,-166,-408,-592,-417,167,0,756,-103,0,-255,312,16,-491,-529,288,18,-12,-440,-97,-418,57,-394,412,-562,216,-186,-349,2,-245,-1024,-575,-602,-372,483,42,1138,1138,4722,591,-716,189,-543,-1002,-593,784,-187,-382,-28,-24,-208,469,200,1307,-230,1006,444,472,107,-26,-64,420,2345,258,300,-47,-12,0,0,0,0,0,-28,0,-20,-60,0,0,0,0,69,-213,82,-91,-73,-19,-23,191,51,189,27,-48,-22,-48,10,121,-49,-20,4,-32,-162,-92,-96,0,-21,52,2,35,214,-91,131,-4,500,436,-47,-5,118,-24,-95,-38,-20,17,0,0,-65,-34,-76,398,-63,-2,0,-1272,75,-191,-342,-94,-117,-84,-115,26,-5,-71,-113,-62,-170,-9,-1216,-314,-59,-43,166,0,-434,-75,166,-65,0,-56,-95,-68,-43,-48,-24,-77,-27,-24,19,-76,-9,3,-33,-287,-311,-120,338,-304,-487,-57,144,310,156,17,-1,-18,-8,3,-26,0,35,-36,-73,169,5,-13,-10,-1378,0,-1213,0,0,-100,0,-176,-94,121,-86,-371,140,-18,-100,-5,0,-7,260,-40,-32,-17,369,-9
2019. 04 월,-380,-127,56,-98,-348,-112,-136,-348,650,-388,-244,-700,45,-72,-82,-268,146,331,330,256,145,65,-116,77,801,-243,-1622,7,-107,-62,-137,-477,55,-110,-369,-286,-352,-73,165,348,-135,-146,57,-1363,-223,-183,-409,-103,-232,-270,-89,146,-17,614,-108,0,-376,393,225,-635,-519,326,65,-2,-290,207,-182,-111,-441,237,-776,-1,-147,-453,77,-252,-649,-572,-526,-279,636,92,850,850,5993,-519,-772,227,-305,-903,-632,670,-71,-598,471,-2,-219,617,-35,899,-158,759,304,1605,30,375,158,454,2599,608,397,-70,-27,0,0,0,0,0,-17,0,15,133,0,0,0,0,305,-29,107,282,-42,-66,30,199,4,30,-77,-34,17,-59,-22,-38,9,-50,44,702,-84,-11,437,0,-46,10,29,116,279,-56,28,0,102,337,0,2,27,78,-9,-64,-48,-29,0,0,-79,-50,-62,-83,0,82,0,-867,46,-100,-290,-110,-36,-82,-62,-13,-24,-35,-57,-26,-50,-28,-627,-243,130,-65,102,0,-182,9,-36,-42,0,-15,-104,-25,-46,-29,-74,-36,13,-36,0,87,-6,-53,24,-509,-140,45,47,-83,-183,-102,74,20,25,-98,0,2,-5,-1,-30,42,-41,-12,-178,135,18,-48,4,-1171,0,-881,0,0,63,0,-141,-104,379,-38,-181,-10,-4,-94,-84,0,-78,9,-3,-12,5,-5,8
2019. 05 월,-944,-118,-47,49,-174,37,62,-351,127,-306,-103,-392,-200,-75,88,-343,169,-70,172,236,39,417,-283,131,184,-193,-1521,-46,-129,-47,-155,-245,-74,35,-336,-310,-309,-120,145,256,-70,-104,-12,-1540,-188,-380,-513,-100,412,-475,-297,1,5,898,-119,0,-243,578,-120,-692,-453,138,61,-43,-149,189,-132,-105,-377,276,-798,-35,-120,-291,-68,-284,-683,-398,-366,-246,355,-28,643,643,8455,-301,-416,100,-165,-357,-544,582,-33,-436,300,-57,-145,564,165,938,-177,642,425,2256,105,305,413,537,2302,623,328,-84,0,0,0,0,0,0,-15,0,210,390,0,0,0,0,-136,-4,79,79,-92,23,49,-14,-28,15,-22,-31,-14,-71,-29,0,-14,-118,56,262,-22,48,28,0,-34,-13,-2,67,215,-99,99,-25,-202,168,43,10,39,-76,-73,-17,-12,-92,0,0,-70,-23,17,-62,-68,14,0,-1166,-53,-106,-318,-105,-64,-58,-88,-38,-26,-68,-60,-62,-11,-109,-879,-141,190,-145,-45,0,-162,-59,-61,-84,0,-3,-3,-36,9,-60,-35,26,-93,4,-22,-73,-16,-28,-42,-493,-293,-125,64,-113,-64,-102,376,-43,1,105,-11,14,-32,-18,-46,-20,-59,-83,-148,98,-4,-23,33,-1184,0,-779,0,0,-3,0,-143,-6,234,-45,-126,-159,-19,-56,-46,0,-74,-18,93,-4,-1,-8,-24
2019. 06 월,-1731,-75,243,162,-254,-5,72,-112,127,-219,-230,-468,-112,-80,-53,-283,-152,-4,37,77,-67,135,-261,144,-265,-88,-1479,33,-177,-54,-134,-10,14,-281,-305,-303,-186,-182,96,-73,359,-323,47,-1244,-109,-365,-494,-158,295,-368,-127,82,-237,496,-51,0,-258,504,-306,-431,-321,164,24,-58,-132,273,-176,78,-334,27,-847,-65,-130,-355,-36,-261,-488,-308,-319,-227,277,89,813,813,7293,-266,-194,116,-227,-312,-462,374,11,-288,494,-15,-146,1044,79,836,-48,544,268,1436,155,400,377,559,2166,226,182,-11,0,0,0,0,0,0,-58,0,-35,88,0,0,0,0,72,-16,213,163,-61,-45,36,-75,-29,-8,-17,-3,20,-72,-55,102,-18,-72,9,-180,-133,-44,-30,0,-26,18,-59,30,92,-15,-14,1,178,203,34,11,79,12,-78,-8,-49,-5,0,0,-15,-14,-42,-2,17,35,0,-847,-182,-94,-181,-40,-40,-9,-53,-21,-8,-22,-46,-12,-73,-66,-675,-2,-247,251,-67,0,-138,-63,-44,-46,0,-19,-43,-65,-40,-33,-29,-38,-70,-25,-23,140,-21,-8,-45,112,-135,-112,37,69,-114,-102,338,-109,281,197,-12,11,3,-13,-27,3,-46,-53,-146,37,-17,3,19,-866,0,-594,0,0,8,0,-121,-55,380,-33,-33,-211,-5,-46,-51,0,-36,-14,-26,-10,2,-26,5
2019. 07 월,-1445,-83,276,75,-316,-291,62,-414,248,-335,-150,-645,-157,-190,-122,-172,-20,145,-103,142,-166,236,-33,166,-172,574,-1423,7,-98,-26,-145,67,115,-338,-257,-294,-199,-185,39,-59,203,-241,-12,-1197,-10,-292,-538,-160,9,-318,-118,230,-414,486,-47,0,-338,734,-303,-571,-382,-64,49,22,233,552,-123,-31,-135,-30,-560,-145,-47,72,-175,-265,-510,-281,-455,-181,258,149,1231,1231,8202,-619,-746,97,-461,-799,-347,969,-22,-77,1545,4,-140,1179,31,747,-128,841,303,1950,56,396,19,431,2369,388,97,-130,47,0,0,0,0,0,16,0,-58,244,0,0,0,0,-278,-36,260,-9,8,-68,15,-59,-31,1,-43,-8,7,-86,-63,-62,-37,-75,8,-195,-155,-21,-38,0,-30,-61,-24,-4,145,-25,25,-7,-343,213,-4,-103,-51,46,-82,-8,-35,-60,0,0,-33,-48,-47,-98,-33,0,0,-911,-58,-146,-285,-128,-18,-38,-67,-11,8,-10,-18,-27,-81,-32,-1072,-166,-196,60,-35,0,-127,-80,-40,-54,0,-25,-63,-156,-37,-10,-67,41,-40,0,33,-65,-47,-19,21,-767,-93,-190,-76,-123,-106,-50,-84,-77,-61,96,18,-6,-1,-18,0,-10,-13,20,-52,57,-8,-1,11,-764,0,-407,0,0,116,0,-82,-50,275,-27,-85,-36,-21,1,-63,0,-98,-18,-98,-66,-11,-79,-15
2019. 08 월,-839,-18,52,37,-215,102,125,-226,239,-195,-257,-634,-454,-142,-149,-166,-80,259,-62,67,-165,344,109,455,-188,323,-1437,-88,-161,369,-160,148,274,-397,-361,-267,-310,-185,84,-110,-3,-270,0,-1406,-39,-275,-451,-70,13,-471,-260,147,-204,412,-66,0,-363,1223,-446,-630,-340,-15,1,20,-104,385,-139,42,-231,-161,-604,-86,-195,-90,-5,-228,-630,-337,-392,-223,228,94,804,804,8837,-535,-334,378,-383,-586,-404,819,-81,-459,2094,-25,-289,1341,776,731,154,1019,87,1449,21,222,-69,333,2074,257,97,25,-24,0,0,0,0,0,1,0,4,144,0,0,0,0,-91,172,202,-24,-40,-78,0,-78,-36,8,-45,1,-3,-2,-53,-52,-49,-34,20,-39,65,12,-35,0,-6,-32,-26,10,62,-32,-17,-40,-113,201,-77,-35,38,12,-5,26,-72,-43,0,0,-42,-71,-42,9,-32,20,0,-989,-29,-179,-287,-41,-30,-51,-45,-6,-8,-37,-58,-49,-81,-88,-1334,-206,-214,-37,-42,0,-140,-50,-69,-38,0,-68,-94,-79,-43,-26,-63,89,-75,-2,-18,-55,-38,-36,-30,-862,-206,-138,-66,-47,-160,-66,-63,23,-27,19,10,38,-28,-12,2,-10,-31,-59,-45,82,-40,-16,-22,-1028,0,-613,0,0,56,0,-76,-72,162,-55,-51,-100,10,-66,-46,0,-39,-28,-3,2,-16,-74,-19
2019. 09 월,-582,128,65,-75,-269,-74,17,-168,81,-197,-260,-258,-1,-162,309,-311,19,249,-71,82,-33,27,-150,309,1,160,-1131,-41,-57,268,-167,26,232,-326,-238,-181,-268,-200,177,-58,-51,-273,26,-1307,-3,-201,-392,-2,-138,-301,-369,99,-4,463,-17,0,-353,1219,-376,-524,-305,-147,7,29,-30,154,85,-101,58,-226,-390,-99,-228,43,4,-110,-465,-289,-330,-145,193,106,727,727,6356,24,-289,-81,-415,-678,-360,1029,-26,-493,1902,27,-318,845,639,740,149,741,44,521,-119,-40,-80,250,1859,621,185,-164,-24,0,0,0,0,0,-26,0,-51,-56,0,0,0,0,43,39,91,181,-39,-34,6,26,-22,-31,-24,-38,0,-13,-48,-39,-1,-60,49,-48,-95,38,-83,0,-6,-31,-16,-5,150,28,-9,-19,-130,146,-93,-18,44,90,-52,-37,50,-79,0,0,-44,-73,13,-40,-18,-19,0,-713,31,-126,-165,-83,-26,-29,-136,-6,20,-23,-33,-45,-58,-34,-705,-101,-95,72,-19,0,-217,-38,-56,-18,0,-10,-76,-18,-39,-32,-80,75,-21,0,3,144,-78,-26,-75,-384,-303,-122,18,-19,-150,-36,297,-35,-19,52,31,67,19,-8,9,-18,-24,-19,-119,72,-12,-30,-35,-1224,0,-628,0,0,-35,0,-81,-91,4,-25,-120,-28,-31,-38,-17,0,-58,-46,-42,-37,0,77,-28
2019. 10 월,-1175,-117,-20,-85,-416,-124,-130,-368,635,-38,-373,-590,-164,-225,212,-377,-91,-37,-103,32,-168,-358,-147,343,-367,1901,-1621,-32,-92,218,-212,-128,321,-481,-206,-163,-271,-378,223,37,-81,-351,-25,-1357,-6,-284,-392,-67,-257,-216,-286,151,167,705,-29,0,-393,1134,-451,-624,-356,164,18,-1,-226,141,69,-8,-247,-181,-440,-240,-46,-23,112,-243,-534,-263,-199,-209,245,-108,1125,1125,4925,-239,-484,-63,-382,-772,-540,967,-10,-843,1065,-17,-196,510,651,1116,226,502,-99,496,178,81,-147,372,2183,85,214,0,55,0,0,0,0,0,4,0,-21,33,0,0,0,0,379,73,272,91,-45,-31,23,-68,4,9,-17,0,1,16,63,-58,53,-26,19,149,64,70,-57,0,-17,-44,22,1,10,101,-2,1,174,411,-89,-46,210,5,-49,-63,-21,-69,0,0,-103,-10,4,91,-29,-68,0,-643,222,-112,-200,-69,-64,-52,-112,-4,-29,-16,-63,-42,-29,-73,-346,1,-28,187,8,0,-163,154,-40,-11,0,-62,-69,-64,8,-10,-64,14,3,-29,-10,-15,-32,-25,-99,-247,-162,-48,-11,128,-133,-30,28,46,-1,-20,18,-6,9,-6,-4,30,-19,-3,-42,36,-53,12,-16,-369,0,-489,0,0,55,0,-10,-54,308,-37,14,88,-33,-43,48,0,-29,-7,-97,-18,-18,-11,-36
2019. 11 월,-899,-16,-7,65,-330,-122,74,-301,-11,60,-298,-249,-191,-105,214,-244,-156,52,-7,9,-344,-50,-65,153,-87,1057,-1189,39,-168,77,-155,-107,48,-413,136,-10,-287,-213,197,-6,-85,-347,105,-1382,-38,-250,-438,-45,-340,-140,-368,237,178,556,-27,0,-393,549,-86,-454,-391,425,19,-20,-446,39,-139,29,-246,-129,-807,-350,-223,-180,178,-232,-454,-283,-185,-236,422,-172,1049,1049,3325,23,-178,-28,-391,-495,-484,935,-112,-556,1099,62,75,-68,703,639,272,587,-59,-203,-49,-549,-308,400,1849,163,270,-92,50,0,0,0,0,0,22,0,-127,-125,0,0,0,0,526,200,197,11,-34,-26,12,-80,-10,67,-14,5,4,54,201,-90,37,-24,16,136,-98,129,-76,0,-45,5,12,-19,-22,298,-50,2,40,119,-40,27,19,35,-42,-51,5,-4,0,0,-60,4,164,-47,-44,-45,0,-474,-59,-98,-263,-62,-82,-39,-38,3,18,-43,333,-39,-86,-19,891,-92,791,-311,42,0,488,173,-31,31,0,-40,-35,-29,-4,-30,3,-6,7,-15,-22,106,-46,0,-89,5,-197,63,12,26,-247,-88,145,265,-15,75,60,78,19,26,-53,32,-27,-14,-142,62,-4,-21,-50,-529,0,-326,0,0,-45,0,-65,-62,246,-48,-11,20,-28,-29,-20,0,-49,-3,-61,-2,-3,-26,-17
2019. 12 월,-786,-108,60,75,-332,-39,71,-141,-221,-164,-325,-375,-235,-56,174,-267,-40,-190,109,143,-284,-41,21,7,277,1095,-1805,-14,-147,177,-192,-126,48,-377,-213,-196,-431,-180,430,-76,-53,-342,-113,-2875,-99,-450,-362,-80,-629,-500,-763,8,-40,523,-29,0,-271,466,11,-494,-362,136,36,-56,-2100,-63,-442,-296,-791,-508,-1098,-386,-302,-235,148,-323,-676,-356,-237,-254,243,-72,936,936,5853,84,38,-23,-925,-358,-313,961,28,-537,971,72,84,330,541,863,218,623,314,590,-36,-48,-79,598,1822,286,8,-114,-47,0,0,0,0,0,5,0,-59,-44,0,0,0,0,161,171,428,-50,189,-77,-21,-234,3,-94,31,-42,-7,-26,12,-122,-21,11,10,317,-155,-61,-109,0,-21,7,-89,-30,58,718,41,-42,107,293,21,3,138,99,-152,-61,-75,-28,0,0,-52,-26,180,-123,-82,-28,0,-1196,-716,-252,-245,-81,-52,-70,-95,50,36,5,336,13,-93,-32,3257,-44,-48,-1259,124,0,4192,120,-59,359,0,-6,-80,29,-29,-43,-47,31,-35,-6,20,97,-10,14,-63,688,-297,-84,-65,11,-302,-57,71,860,279,114,131,148,15,-1,-51,-1,25,174,-144,1,-77,-38,-24,-719,0,-789,0,0,-116,0,-169,-53,256,-50,-108,282,42,-45,-34,0,8,-47,51,69,-5,-63,52
