,행정기관,전국  (0000000000000),서울특별시  (1100000000),부산광역시  (2600000000),대구광역시  (2700000000),인천광역시  (2800000000),광주광역시  (2900000000),대전광역시  (3000000000),울산광역시  (3100000000),경기도  (4100000000),강원도  (4200000000),충청북도  (4300000000),충청남도  (4400000000),전라북도  (4500000000),전라남도  (4600000000),경상북도  (4700000000),경상남도  (4800000000),제주특별자치도  (5000000000),
2008년01월,총인구수,"49,297,732","10,201,656","3,587,154","2,494,690","2,668,424","1,414,877","1,476,476","1,101,448","11,122,132","1,503,425","1,507,292","1,997,954","1,858,895","1,928,244","2,679,640","3,196,607","558,818",
,세대수,"18,721,576","4,054,493","1,302,391","885,410","997,976","504,514","526,393","381,843","4,192,984","595,111","575,234","798,402","702,086","766,250","1,046,540","1,179,819","212,130",
,세대당 인구,      2.63,      2.52,      2.75,      2.82,      2.67,      2.80,      2.80,      2.88,      2.65,      2.53,      2.62,      2.50,      2.65,      2.52,      2.56,      2.71,      2.63,
2008년02월,총인구수,"49,329,973","10,212,056","3,585,593","2,495,863","2,672,234","1,416,514","1,477,556","1,102,917","11,138,154","1,503,656","1,508,528","2,000,342","1,857,498","1,925,942","2,676,624","3,197,477","559,019",
,세대수,"18,758,432","4,063,444","1,304,171","886,796","1,000,370","505,337","527,121","382,870","4,202,192","596,425","576,627","800,715","703,172","766,853","1,047,492","1,182,268","212,579",
,세대당 인구,      2.63,      2.51,      2.75,      2.81,      2.67,      2.80,      2.80,      2.88,      2.65,      2.52,      2.62,      2.50,      2.64,      2.51,      2.56,      2.70,      2.63,
2008년03월,총인구수,"49,324,670","10,206,136","3,580,784","2,492,589","2,674,242","1,415,682","1,476,338","1,103,247","11,144,564","1,503,459","1,509,357","2,002,524","1,856,114","1,925,124","2,677,453","3,197,906","559,151",
,세대수,"18,769,915","4,064,117","1,303,348","886,308","1,001,175","505,326","526,884","383,509","4,204,362","597,641","577,538","802,618","703,819","767,948","1,048,684","1,184,012","212,626",
,세대당 인구,      2.63,      2.51,      2.75,      2.81,      2.67,      2.80,      2.80,      2.88,      2.65,      2.52,      2.61,      2.49,      2.64,      2.51,      2.55,      2.70,      2.63,
2008년04월,총인구수,"49,355,153","10,206,862","3,579,486","2,492,844","2,678,797","1,416,303","1,477,032","1,104,556","11,164,324","1,503,995","1,510,876","2,003,398","1,855,775","1,924,682","2,676,548","3,200,268","559,407",
,세대수,"18,800,520","4,070,294","1,304,963","887,087","1,003,780","505,888","527,496","384,450","4,214,771","598,960","578,742","801,827","704,522","768,846","1,049,854","1,186,073","212,967",
,세대당 인구,      2.63,      2.51,      2.74,      2.81,      2.67,      2.80,      2.80,      2.87,      2.65,      2.51,      2.61,      2.50,      2.63,      2.50,      2.55,      2.70,      2.63,
2008년05월,총인구수,"49,380,296","10,204,867","3,577,179","2,492,893","2,681,953","1,416,751","1,477,420","1,105,655","11,182,935","1,504,619","1,512,361","2,005,692","1,855,354","1,924,075","2,675,949","3,203,053","559,540",
,세대수,"18,825,958","4,074,917","1,305,456","887,599","1,005,724","506,327","527,917","385,159","4,224,675","600,063","580,013","802,367","704,877","769,145","1,050,606","1,187,968","213,145",
,세대당 인구,      2.62,      2.50,      2.74,      2.81,      2.67,      2.80,      2.80,      2.87,      2.65,      2.51,      2.61,      2.50,      2.63,      2.50,      2.55,      2.70,      2.63,
2008년06월,총인구수,"49,387,462","10,196,863","3,573,520","2,491,589","2,684,524","1,417,096","1,477,153","1,106,051","11,194,861","1,505,842","1,513,231","2,007,950","1,854,855","1,923,423","2,675,176","3,205,606","559,722",
,세대수,"18,843,468","4,075,336","1,305,575","887,349","1,007,585","506,956","527,995","385,442","4,231,393","601,594","580,901","803,595","705,598","769,677","1,051,300","1,189,819","213,353",
,세대당 인구,      2.62,      2.50,      2.74,      2.81,      2.66,      2.80,      2.80,      2.87,      2.65,      2.50,      2.60,      2.50,      2.63,      2.50,      2.54,      2.69,      2.62,
2008년07월,총인구수,"49,416,162","10,196,644","3,572,177","2,492,048","2,687,508","1,418,387","1,478,285","1,107,260","11,212,042","1,506,425","1,514,134","2,009,511","1,854,811","1,922,628","2,674,890","3,209,146","560,266",
,세대수,"18,874,775","4,080,453","1,306,862","888,625","1,009,869","508,108","528,616","386,268","4,241,665","602,580","581,916","804,931","706,266","770,343","1,052,193","1,192,385","213,695",
,세대당 인구,      2.62,      2.50,      2.73,      2.80,      2.66,      2.79,      2.80,      2.87,      2.64,      2.50,      2.60,      2.50,      2.63,      2.50,      2.54,      2.69,      2.62,
2008년08월,총인구수,"49,441,742","10,197,320","3,571,113","2,492,697","2,688,542","1,419,651","1,479,584","1,108,356","11,228,502","1,506,605","1,515,328","2,010,963","1,854,736","1,921,855","2,674,287","3,211,831","560,372",
,세대수,"18,901,557","4,084,567","1,307,764","889,848","1,011,078","508,972","529,355","387,200","4,251,427","603,187","583,134","805,985","706,884","770,839","1,053,107","1,194,447","213,763",
,세대당 인구,      2.62,      2.50,      2.73,      2.80,      2.66,      2.79,      2.80,      2.86,      2.64,      2.50,      2.60,      2.50,      2.62,      2.49,      2.54,      2.69,      2.62,
2008년09월,총인구수,"49,469,003","10,198,705","3,570,292","2,493,335","2,689,531","1,420,770","1,479,824","1,109,295","11,244,759","1,507,200","1,516,960","2,012,612","1,854,997","1,921,215","2,674,221","3,214,815","560,472",
,세대수,"18,933,297","4,089,495","1,308,991","891,440","1,012,444","510,116","529,990","388,011","4,261,760","604,201","584,603","807,536","707,834","771,532","1,054,465","1,196,942","213,937",
,세대당 인구,      2.61,      2.49,      2.73,      2.80,      2.66,      2.79,      2.79,      2.86,      2.64,      2.49,      2.59,      2.49,      2.62,      2.49,      2.54,      2.69,      2.62,
2008년10월,총인구수,"49,495,874","10,200,440","3,568,314","2,493,479","2,689,737","1,421,879","1,480,444","1,110,740","11,261,364","1,507,620","1,518,621","2,014,066","1,855,363","1,920,578","2,674,448","3,218,292","560,489",
,세대수,"18,965,400","4,094,350","1,310,342","892,849","1,013,104","511,325","530,811","388,876","4,272,292","605,201","586,107","809,060","708,828","772,224","1,056,030","1,199,856","214,145",
,세대당 인구,      2.61,      2.49,      2.72,      2.79,      2.65,      2.78,      2.79,      2.86,      2.64,      2.49,      2.59,      2.49,      2.62,      2.49,      2.53,      2.68,      2.62,
2008년11월,총인구수,"49,516,085","10,199,174","3,566,639","2,494,041","2,690,513","1,422,584","1,480,967","1,111,492","11,276,397","1,508,263","1,519,266","2,015,419","1,855,383","1,919,857","2,674,311","3,221,162","560,617",
,세대수,"18,988,564","4,096,637","1,311,302","894,280","1,013,834","512,052","531,466","389,310","4,280,197","606,317","586,929","810,284","709,718","772,729","1,057,219","1,201,877","214,413",
,세대당 인구,      2.61,      2.49,      2.72,      2.79,      2.65,      2.78,      2.79,      2.86,      2.63,      2.49,      2.59,      2.49,      2.61,      2.48,      2.53,      2.68,      2.61,
2008년12월,총인구수,"49,540,367","10,200,827","3,564,577","2,492,724","2,692,696","1,422,702","1,480,895","1,112,407","11,292,264","1,508,575","1,519,587","2,018,537","1,855,772","1,919,000","2,673,931","3,225,255","560,618",
,세대수,"19,005,339","4,097,562","1,311,724","894,969","1,014,755","513,021","531,682","389,735","4,284,475","606,950","587,411","812,871","710,550","773,087","1,058,099","1,203,767","214,681",
,세대당 인구,      2.61,      2.49,      2.72,      2.79,      2.65,      2.77,      2.79,      2.85,      2.64,      2.49,      2.59,      2.48,      2.61,      2.48,      2.53,      2.68,      2.61,
2009년01월,총인구수,"49,552,045","10,207,304","3,562,642","2,493,192","2,693,123","1,423,519","1,481,516","1,112,579","11,300,278","1,507,799","1,519,648","2,019,111","1,855,171","1,918,310","2,672,528","3,224,676","560,649",
,세대수,"19,002,793","4,097,606","1,310,710","895,374","1,014,274","512,952","531,775","389,634","4,283,844","606,401","587,426","812,958","710,362","773,064","1,057,591","1,204,053","214,769",
,세대당 인구,      2.61,      2.49,      2.72,      2.78,      2.66,      2.78,      2.79,      2.86,      2.64,      2.49,      2.59,      2.48,      2.61,      2.48,      2.53,      2.68,      2.61,
2009년02월,총인구수,"49,577,741","10,221,170","3,562,040","2,494,446","2,693,408","1,424,862","1,481,851","1,112,502","11,314,204","1,507,016","1,520,084","2,019,521","1,854,545","1,916,665","2,669,866","3,225,016","560,545",
,세대수,"19,035,367","4,105,460","1,313,050","897,472","1,015,152","514,167","532,856","390,282","4,290,863","607,061","588,564","814,000","711,551","774,246","1,058,769","1,206,620","215,254",
,세대당 인구,      2.60,      2.49,      2.71,      2.78,      2.65,      2.77,      2.78,      2.85,      2.64,      2.48,      2.58,      2.48,      2.61,      2.48,      2.52,      2.67,      2.60,
2009년03월,총인구수,"49,596,381","10,225,908","3,560,925","2,494,030","2,694,708","1,425,103","1,482,240","1,112,790","11,320,860","1,508,858","1,520,844","2,020,452","1,854,341","1,916,797","2,670,210","3,227,394","560,921",
,세대수,"19,053,290","4,107,632","1,314,555","898,598","1,015,562","514,772","533,292","390,906","4,289,568","609,786","590,055","814,821","712,569","775,478","1,060,744","1,209,433","215,519",
,세대당 인구,      2.60,      2.49,      2.71,      2.78,      2.65,      2.77,      2.78,      2.85,      2.64,      2.47,      2.58,      2.48,      2.60,      2.47,      2.52,      2.67,      2.60,
2009년04월,총인구수,"49,593,665","10,218,707","3,555,949","2,491,901","2,693,722","1,425,334","1,481,512","1,112,664","11,335,127","1,508,734","1,521,092","2,020,985","1,853,801","1,915,819","2,669,512","3,227,973","560,833",
,세대수,"19,051,754","4,101,230","1,313,045","897,593","1,014,383","515,049","532,910","390,851","4,295,282","610,132","590,496","815,191","712,541","775,918","1,061,153","1,210,564","215,416",
,세대당 인구,      2.60,      2.49,      2.71,      2.78,      2.66,      2.77,      2.78,      2.85,      2.64,      2.47,      2.58,      2.48,      2.60,      2.47,      2.52,      2.67,      2.60,
2009년05월,총인구수,"49,618,780","10,222,778","3,554,770","2,491,566","2,695,783","1,426,498","1,481,825","1,113,192","11,347,524","1,509,035","1,521,954","2,022,479","1,853,944","1,915,147","2,670,656","3,230,363","561,266",
,세대수,"19,072,645","4,103,180","1,314,508","898,542","1,015,846","515,900","533,377","391,430","4,299,820","610,763","591,436","815,949","713,409","776,740","1,063,516","1,212,619","215,610",
,세대당 인구,      2.60,      2.49,      2.70,      2.77,      2.65,      2.77,      2.78,      2.84,      2.64,      2.47,      2.57,      2.48,      2.60,      2.47,      2.51,      2.66,      2.60,
2009년06월,총인구수,"49,642,216","10,226,685","3,553,483","2,491,478","2,697,339","1,427,194","1,482,157","1,113,761","11,359,140","1,509,484","1,522,927","2,024,318","1,854,180","1,915,226","2,670,040","3,233,094","561,710",
,세대수,"19,103,524","4,106,591","1,316,378","899,997","1,017,397","517,135","534,204","392,031","4,306,247","612,079","592,805","817,836","715,232","778,410","1,065,239","1,215,938","216,005",
,세대당 인구,      2.60,      2.49,      2.70,      2.77,      2.65,      2.76,      2.77,      2.84,      2.64,      2.47,      2.57,      2.48,      2.59,      2.46,      2.51,      2.66,      2.60,
2009년07월,총인구수,"49,665,471","10,229,471","3,551,777","2,491,579","2,699,001","1,428,595","1,482,636","1,114,164","11,372,226","1,509,860","1,523,655","2,025,896","1,854,064","1,915,093","2,669,046","3,236,249","562,159",
,세대수,"19,132,048","4,109,330","1,317,919","901,531","1,018,860","518,685","534,934","392,552","4,313,111","612,929","594,039","819,305","716,542","779,817","1,066,738","1,219,211","216,545",
,세대당 인구,      2.60,      2.49,      2.69,      2.76,      2.65,      2.75,      2.77,      2.84,      2.64,      2.46,      2.56,      2.47,      2.59,      2.46,      2.50,      2.65,      2.60,
2009년08월,총인구수,"49,688,156","10,230,476","3,550,445","2,491,856","2,700,791","1,429,974","1,484,172","1,114,265","11,386,340","1,510,371","1,524,335","2,027,075","1,854,153","1,914,205","2,668,421","3,238,842","562,435",
,세대수,"19,160,503","4,113,510","1,319,384","902,921","1,020,317","519,842","536,058","392,976","4,321,512","613,815","595,139","820,408","717,531","780,603","1,067,556","1,222,078","216,853",
,세대당 인구,      2.59,      2.49,      2.69,      2.76,      2.65,      2.75,      2.77,      2.84,      2.63,      2.46,      2.56,      2.47,      2.58,      2.45,      2.50,      2.65,      2.59,
2009년09월,총인구수,"49,711,355","10,228,160","3,549,442","2,492,401","2,703,325","1,431,675","1,484,719","1,114,357","11,402,705","1,510,674","1,525,474","2,029,233","1,854,037","1,913,290","2,668,223","3,241,222","562,418",
,세대수,"19,192,676","4,116,591","1,321,022","904,304","1,022,386","521,740","536,961","393,306","4,332,099","614,706","596,557","822,319","718,532","781,162","1,069,164","1,224,836","216,991",
,세대당 인구,      2.59,      2.48,      2.69,      2.76,      2.64,      2.74,      2.77,      2.83,      2.63,      2.46,      2.56,      2.47,      2.58,      2.45,      2.50,      2.65,      2.59,
2009년10월,총인구수,"49,736,280","10,224,788","3,548,189","2,492,960","2,706,114","1,432,465","1,485,041","1,114,748","11,419,314","1,511,290","1,526,643","2,032,118","1,854,237","1,913,508","2,668,165","3,244,170","562,530",
,세대수,"19,222,752","4,119,041","1,322,677","905,890","1,024,473","522,411","537,662","393,792","4,341,829","615,726","597,913","824,480","719,630","781,818","1,070,474","1,227,674","217,262",
,세대당 인구,      2.59,      2.48,      2.68,      2.75,      2.64,      2.74,      2.76,      2.83,      2.63,      2.45,      2.55,      2.46,      2.58,      2.45,      2.49,      2.64,      2.59,
2009년11월,총인구수,"49,759,141","10,217,035","3,546,127","2,492,917","2,708,884","1,433,389","1,485,291","1,115,110","11,439,405","1,512,003","1,527,305","2,035,112","1,854,636","1,913,244","2,668,832","3,247,080","562,771",
,세대수,"19,247,090","4,118,444","1,323,704","906,779","1,026,305","523,242","538,174","394,309","4,352,141","616,746","598,633","826,504","720,377","782,467","1,071,915","1,229,865","217,485",
,세대당 인구,      2.59,      2.48,      2.68,      2.75,      2.64,      2.74,      2.76,      2.83,      2.63,      2.45,      2.55,      2.46,      2.57,      2.45,      2.49,      2.64,      2.59,
2009년12월,총인구수,"49,773,145","10,208,302","3,543,030","2,489,781","2,710,579","1,433,640","1,484,180","1,114,866","11,460,610","1,512,870","1,527,478","2,037,582","1,854,508","1,913,004","2,669,876","3,250,176","562,663",
,세대수,"19,261,292","4,116,660","1,323,771","906,470","1,026,936","524,093","538,100","394,364","4,359,467","617,693","599,204","827,846","720,993","783,156","1,073,367","1,231,461","217,711",
,세대당 인구,      2.58,      2.48,      2.68,      2.75,      2.64,      2.74,      2.76,      2.83,      2.63,      2.45,      2.55,      2.46,      2.57,      2.44,      2.49,      2.64,      2.58,
2010년01월,총인구수,"49,810,609","10,213,153","3,542,631","2,491,683","2,714,309","1,435,300","1,484,849","1,115,625","11,484,241","1,512,088","1,527,943","2,039,247","1,854,293","1,911,991","2,668,403","3,252,083","562,770",
,세대수,"19,286,364","4,120,522","1,325,267","907,991","1,028,849","524,774","538,866","394,972","4,370,068","617,461","599,551","828,572","721,486","782,993","1,073,671","1,233,416","217,905",
,세대당 인구,      2.58,      2.48,      2.67,      2.74,      2.64,      2.74,      2.76,      2.82,      2.63,      2.45,      2.55,      2.46,      2.57,      2.44,      2.49,      2.64,      2.58,
2010년02월,총인구수,"49,835,331","10,214,085","3,541,701","2,492,118","2,716,783","1,436,506","1,485,820","1,115,138","11,506,199","1,511,079","1,528,642","2,040,595","1,854,436","1,910,346","2,666,253","3,252,551","563,079",
,세대수,"19,310,612","4,123,243","1,326,820","909,208","1,030,316","525,757","539,689","395,224","4,379,970","617,789","600,209","829,630","722,468","782,997","1,074,293","1,234,783","218,216",
,세대당 인구,      2.58,      2.48,      2.67,      2.74,      2.64,      2.73,      2.75,      2.82,      2.63,      2.45,      2.55,      2.46,      2.57,      2.44,      2.48,      2.63,      2.58,
2010년03월,총인구수,"49,862,894","10,208,670","3,539,345","2,490,791","2,718,704","1,436,323","1,486,922","1,114,829","11,530,894","1,512,483","1,529,212","2,044,291","1,854,446","1,911,010","2,667,145","3,254,554","563,275",
,세대수,"19,333,457","4,121,193","1,327,498","909,443","1,030,635","526,105","540,978","395,663","4,389,044","620,378","600,923","832,238","723,063","784,879","1,076,067","1,236,943","218,407",
,세대당 인구,      2.58,      2.48,      2.67,      2.74,      2.64,      2.73,      2.75,      2.82,      2.63,      2.44,      2.54,      2.46,      2.56,      2.43,      2.48,      2.63,      2.58,
2010년04월,총인구수,"49,889,125","10,203,549","3,537,482","2,489,935","2,720,738","1,436,374","1,487,266","1,115,174","11,551,813","1,512,825","1,530,032","2,047,375","1,855,279","1,911,415","2,668,871","3,257,189","563,808",
,세대수,"19,355,075","4,119,628","1,328,630","910,126","1,031,821","526,486","541,598","396,135","4,397,904","621,302","601,753","833,937","724,032","785,939","1,077,998","1,239,069","218,717",
,세대당 인구,      2.58,      2.48,      2.66,      2.74,      2.64,      2.73,      2.75,      2.82,      2.63,      2.43,      2.54,      2.46,      2.56,      2.43,      2.48,      2.63,      2.58,
2010년05월,총인구수,"49,913,379","10,197,997","3,535,620","2,489,585","2,722,708","1,437,314","1,487,985","1,115,806","11,571,684","1,513,135","1,531,015","2,049,494","1,855,766","1,911,275","2,669,666","3,259,981","564,348",
,세대수,"19,372,533","4,117,385","1,329,358","910,768","1,032,900","527,307","542,177","396,915","4,405,757","621,994","602,623","834,940","724,802","786,357","1,079,324","1,240,977","218,949",
,세대당 인구,      2.58,      2.48,      2.66,      2.73,      2.64,      2.73,      2.74,      2.81,      2.63,      2.43,      2.54,      2.45,      2.56,      2.43,      2.47,      2.63,      2.58,
2010년06월,총인구수,"49,934,126","10,194,327","3,534,822","2,490,724","2,724,315","1,439,031","1,488,152","1,116,189","11,589,717","1,513,116","1,532,441","2,051,236","1,855,533","1,909,765","2,668,846","3,261,260","564,652",
,세대수,"19,388,588","4,116,225","1,330,551","911,797","1,033,964","528,185","542,390","397,402","4,413,120","622,617","603,517","836,108","725,309","786,308","1,079,510","1,242,464","219,121",
,세대당 인구,      2.58,      2.48,      2.66,      2.73,      2.63,      2.72,      2.74,      2.81,      2.63,      2.43,      2.54,      2.45,      2.56,      2.43,      2.47,      2.62,      2.58,
2010년07월,총인구수,"49,955,240","10,191,949","3,534,094","2,490,870","2,725,973","1,440,381","1,488,909","1,116,589","11,606,318","1,513,147","1,533,392","2,052,955","1,855,630","1,908,740","2,668,976","3,262,264","565,053",
,세대수,"19,403,604","4,115,216","1,331,626","912,516","1,034,876","528,968","542,997","397,701","4,419,637","623,042","604,271","836,993","726,128","786,457","1,080,085","1,243,726","219,365",
,세대당 인구,      2.57,      2.48,      2.65,      2.73,      2.63,      2.72,      2.74,      2.81,      2.63,      2.43,      2.54,      2.45,      2.56,      2.43,      2.47,      2.62,      2.58,
2010년08월,총인구수,"49,976,963","10,189,598","3,532,906","2,491,206","2,727,366","1,442,029","1,490,147","1,116,798","11,623,584","1,514,378","1,534,359","2,054,234","1,855,667","1,906,956","2,668,871","3,263,475","565,389",
,세대수,"19,423,315","4,115,724","1,332,804","913,539","1,035,986","529,909","543,836","397,998","4,427,169","624,593","605,109","838,102","726,852","786,323","1,080,829","1,244,975","219,567",
,세대당 인구,      2.57,      2.48,      2.65,      2.73,      2.63,      2.72,      2.74,      2.81,      2.63,      2.42,      2.54,      2.45,      2.55,      2.43,      2.47,      2.62,      2.58,
2010년09월,총인구수,"50,001,273","10,186,556","3,532,335","2,492,042","2,728,709","1,443,391","1,490,950","1,117,166","11,639,429","1,515,439","1,535,488","2,056,078","1,856,390","1,906,515","2,669,396","3,265,690","565,699",
,세대수,"19,437,869","4,114,216","1,333,622","914,373","1,036,696","530,853","544,471","398,374","4,433,136","625,530","605,925","839,270","727,560","786,390","1,081,372","1,246,390","219,691",
,세대당 인구,      2.57,      2.48,      2.65,      2.73,      2.63,      2.72,      2.74,      2.80,      2.63,      2.42,      2.53,      2.45,      2.55,      2.42,      2.47,      2.62,      2.57,
2010년10월,총인구수,"50,475,351","10,328,915","3,572,497","2,512,923","2,754,569","1,453,494","1,502,476","1,124,250","11,747,198","1,529,231","1,546,065","2,071,329","1,868,661","1,918,601","2,687,000","3,287,424","570,718",
,세대수,"19,845,601","4,231,995","1,371,410","933,966","1,058,472","539,383","554,760","404,547","4,516,834","638,207","615,523","852,650","739,296","799,033","1,098,456","1,266,658","224,411",
,세대당 인구,      2.54,      2.44,      2.60,      2.69,      2.60,      2.69,      2.71,      2.78,      2.60,      2.40,      2.51,      2.43,      2.53,      2.40,      2.45,      2.60,      2.54,
2010년11월,총인구수,"50,495,462","10,319,500","3,570,381","2,512,684","2,756,076","1,454,784","1,503,563","1,125,152","11,766,189","1,529,839","1,547,720","2,073,679","1,869,026","1,918,263","2,688,459","3,289,029","571,118",
,세대수,"19,857,428","4,227,785","1,371,751","934,494","1,059,122","540,221","555,421","405,043","4,522,713","639,016","616,340","853,709","739,990","799,154","1,100,189","1,267,853","224,627",
,세대당 인구,      2.54,      2.44,      2.60,      2.69,      2.60,      2.69,      2.71,      2.78,      2.60,      2.39,      2.51,      2.43,      2.53,      2.40,      2.44,      2.59,      2.54,
2010년12월,총인구수,"50,515,666","10,312,545","3,567,910","2,511,676","2,758,296","1,454,636","1,503,664","1,126,298","11,786,622","1,529,818","1,549,528","2,075,514","1,868,963","1,918,485","2,689,920","3,290,536","571,255",
,세대수,"19,865,179","4,224,181","1,371,346","934,598","1,059,664","540,875","555,768","405,501","4,527,282","639,001","617,431","854,432","740,650","799,520","1,101,486","1,268,731","224,713",
,세대당 인구,      2.54,      2.44,      2.60,      2.69,      2.60,      2.69,      2.71,      2.78,      2.60,      2.39,      2.51,      2.43,      2.52,      2.40,      2.44,      2.59,      2.54,
2011년01월,총인구수,"50,534,731","10,312,835","3,566,560","2,512,071","2,761,122","1,456,308","1,504,617","1,127,337",0,"11,801,232","1,528,790","1,550,474","2,076,239","1,868,745","1,916,912","2,688,586","3,291,435","571,468"
,세대수,"19,869,849","4,223,301","1,371,509","935,007","1,060,116","541,247","556,329","406,038",0,"4,530,271","638,519","617,718","854,411","741,054","798,984","1,101,294","1,269,140","224,911"
,세대당 인구,      2.54,      2.44,      2.60,      2.69,      2.60,      2.69,      2.70,      2.78,      0.00,      2.60,      2.39,      2.51,      2.43,      2.52,      2.40,      2.44,      2.59,      2.54
2011년02월,총인구수,"50,555,262","10,314,245","3,566,480","2,512,321","2,765,025","1,458,195","1,506,136","1,127,647",0,"11,815,120","1,527,843","1,551,621","2,077,703","1,868,363","1,914,191","2,687,178","3,291,281","571,913"
,세대수,"19,891,086","4,225,512","1,373,295","935,938","1,062,076","542,255","557,532","406,599",0,"4,536,302","638,649","618,733","855,359","742,129","798,865","1,101,908","1,270,591","225,343"
,세대당 인구,      2.54,      2.44,      2.60,      2.68,      2.60,      2.69,      2.70,      2.77,      0.00,      2.60,      2.39,      2.51,      2.43,      2.52,      2.40,      2.44,      2.59,      2.54
2011년03월,총인구수,"50,575,130","10,307,783","3,564,873","2,511,231","2,768,648","1,458,326","1,506,995","1,128,324",0,"11,829,316","1,529,915","1,552,707","2,081,390","1,868,476","1,914,176","2,687,521","3,293,002","572,447"
,세대수,"19,906,696","4,221,613","1,374,241","935,956","1,063,075","542,647","558,301","407,260",0,"4,540,195","641,429","619,493","857,939","743,089","800,032","1,103,224","1,272,563","225,639"
,세대당 인구,      2.54,      2.44,      2.59,      2.68,      2.60,      2.69,      2.70,      2.77,      0.00,      2.61,      2.39,      2.51,      2.43,      2.51,      2.39,      2.44,      2.59,      2.54
2011년04월,총인구수,"50,594,424","10,301,829","3,563,042","2,510,773","2,772,131","1,458,814","1,507,751","1,129,038",0,"11,841,400","1,531,721","1,554,195","2,083,893","1,868,846","1,913,918","2,688,469","3,295,686","572,918"
,세대수,"19,923,412","4,219,198","1,375,107","936,270","1,064,368","543,475","558,930","407,954",0,"4,544,305","643,592","620,407","859,394","744,347","800,712","1,104,535","1,274,894","225,924"
,세대당 인구,      2.54,      2.44,      2.59,      2.68,      2.60,      2.68,      2.70,      2.77,      0.00,      2.61,      2.38,      2.51,      2.42,      2.51,      2.39,      2.43,      2.59,      2.54
2011년05월,총인구수,"50,613,213","10,295,643","3,562,985","2,510,644","2,775,394","1,459,615","1,509,032","1,129,612",0,"11,854,092","1,531,996","1,555,169","2,086,490","1,869,418","1,913,641","2,689,130","3,296,893","573,459"
,세대수,"19,935,590","4,214,866","1,376,830","936,704","1,065,565","544,285","560,058","408,484",0,"4,547,939","644,038","621,172","860,847","745,441","801,163","1,105,615","1,276,385","226,198"
,세대당 인구,      2.54,      2.44,      2.59,      2.68,      2.60,      2.68,      2.69,      2.77,      0.00,      2.61,      2.38,      2.50,      2.42,      2.51,      2.39,      2.43,      2.58,      2.54
2011년06월,총인구수,"50,627,347","10,288,284","3,563,295","2,510,243","2,779,133","1,459,862","1,509,963","1,130,832",0,"11,862,889","1,532,178","1,555,952","2,088,281","1,870,863","1,914,142","2,689,904","3,297,769","573,757"
,세대수,"19,945,050","4,210,104","1,378,685","936,991","1,067,133","544,876","560,935","409,215",0,"4,550,160","644,335","621,811","861,862","747,198","801,669","1,106,539","1,277,196","226,341"
,세대당 인구,      2.54,      2.44,      2.58,      2.68,      2.60,      2.68,      2.69,      2.76,      0.00,      2.61,      2.38,      2.50,      2.42,      2.50,      2.39,      2.43,      2.58,      2.53
2011년07월,총인구수,"50,641,565","10,282,472","3,560,813","2,509,833","2,782,458","1,461,368","1,510,468","1,131,325",0,"11,874,213","1,532,825","1,556,984","2,090,270","1,871,388","1,913,185","2,691,181","3,298,607","574,175"
,세대수,"19,952,383","4,206,353","1,378,565","937,457","1,068,484","545,633","561,419","409,702",0,"4,553,412","644,831","622,442","862,721","748,050","801,645","1,107,200","1,277,935","226,534"
,세대당 인구,      2.54,      2.44,      2.58,      2.68,      2.60,      2.68,      2.69,      2.76,      0.00,      2.61,      2.38,      2.50,      2.42,      2.50,      2.39,      2.43,      2.58,      2.53
2011년08월,총인구수,"50,662,739","10,277,507","3,558,372","2,510,079","2,786,717","1,462,915","1,511,531","1,131,979",0,"11,887,932","1,533,172","1,558,289","2,092,262","1,872,346","1,911,983","2,692,036","3,300,895","574,724"
,세대수,"19,968,170","4,204,155","1,378,849","938,200","1,070,305","546,882","562,159","410,235",0,"4,558,574","645,355","623,266","863,680","749,933","801,809","1,108,259","1,279,668","226,841"
,세대당 인구,      2.54,      2.44,      2.58,      2.68,      2.60,      2.68,      2.69,      2.76,      0.00,      2.61,      2.38,      2.50,      2.42,      2.50,      2.38,      2.43,      2.58,      2.53
2011년09월,총인구수,"50,681,829","10,271,880","3,556,565","2,509,609","2,790,226","1,463,432","1,512,557","1,132,910",0,"11,898,590","1,533,638","1,559,572","2,094,358","1,873,956","1,912,151","2,693,707","3,303,549","575,129"
,세대수,"19,985,664","4,201,510","1,379,448","939,045","1,071,976","547,471","563,285","410,836",0,"4,563,230","645,878","624,389","864,902","751,752","802,841","1,110,089","1,281,853","227,159"
,세대당 인구,      2.54,      2.44,      2.58,      2.67,      2.60,      2.67,      2.69,      2.76,      0.00,      2.61,      2.37,      2.50,      2.42,      2.49,      2.38,      2.43,      2.58,      2.53
2011년10월,총인구수,"50,699,478","10,266,174","3,554,635","2,509,297","2,794,493","1,464,073","1,513,877","1,134,125",0,"11,908,014","1,534,555","1,560,895","2,096,445","1,874,058","1,912,509","2,695,145","3,305,621","575,562"
,세대수,"20,004,361","4,199,109","1,380,183","939,807","1,074,318","548,210","564,638","411,674",0,"4,567,952","646,958","625,535","866,120","753,043","803,551","1,111,715","1,284,084","227,464"
,세대당 인구,      2.53,      2.44,      2.58,      2.67,      2.60,      2.67,      2.68,      2.75,      0.00,      2.61,      2.37,      2.50,      2.42,      2.49,      2.38,      2.42,      2.57,      2.53
2011년11월,총인구수,"50,717,719","10,257,741","3,553,997","2,508,935","2,798,762","1,464,516","1,514,979","1,134,904",0,"11,920,340","1,535,771","1,562,374","2,098,469","1,874,181","1,913,002","2,696,596","3,307,201","575,951"
,세대수,"20,019,850","4,195,791","1,381,372","940,328","1,076,471","548,675","565,439","412,091",0,"4,573,060","648,279","626,388","867,345","754,104","804,301","1,113,013","1,285,513","227,680"
,세대당 인구,      2.53,      2.44,      2.57,      2.67,      2.60,      2.67,      2.68,      2.75,      0.00,      2.61,      2.37,      2.49,      2.42,      2.49,      2.38,      2.42,      2.57,      2.53
2011년12월,총인구수,"50,734,284","10,249,679","3,550,963","2,507,271","2,801,274","1,463,464","1,515,603","1,135,494",0,"11,937,415","1,536,448","1,562,903","2,101,284","1,874,031","1,914,339","2,699,195","3,308,765","576,156"
,세대수,"20,033,142","4,192,752","1,381,257","940,770","1,077,563","549,105","566,324","412,561",0,"4,579,405","648,649","627,006","868,768","754,479","805,051","1,114,901","1,286,678","227,873"
,세대당 인구,      2.53,      2.44,      2.57,      2.67,      2.60,      2.67,      2.68,      2.75,      0.00,      2.61,      2.37,      2.49,      2.42,      2.48,      2.38,      2.42,      2.57,      2.53
2012년01월,총인구수,"50,750,837","10,250,134","3,549,501","2,508,370","2,804,287","1,465,313","1,517,299","1,136,464",0,"11,948,596","1,535,335","1,563,023","2,103,129","1,873,491","1,912,725","2,697,104","3,309,559","576,507"
,세대수,"20,038,189","4,191,988","1,381,019","941,488","1,078,500","549,621","567,349","413,114",0,"4,581,590","648,009","627,258","869,373","754,343","804,526","1,114,506","1,287,427","228,078"
,세대당 인구,      2.53,      2.45,      2.57,      2.66,      2.60,      2.67,      2.67,      2.75,      0.00,      2.61,      2.37,      2.49,      2.42,      2.48,      2.38,      2.42,      2.57,      2.53
2012년02월,총인구수,"50,767,313","10,251,297","3,548,640","2,508,563","2,808,286","1,466,516","1,518,651","1,136,948",0,"11,961,481","1,534,310","1,563,091","2,106,223","1,872,933","1,910,664","2,694,794","3,307,822","577,094"
,세대수,"20,061,711","4,194,856","1,382,268","942,909","1,080,401","550,922","569,064","414,142",0,"4,588,065","648,131","628,007","871,275","755,050","804,612","1,115,190","1,288,213","228,606"
,세대당 인구,      2.53,      2.44,      2.57,      2.66,      2.60,      2.66,      2.67,      2.75,      0.00,      2.61,      2.37,      2.49,      2.42,      2.48,      2.37,      2.42,      2.57,      2.52
2012년03월,총인구수,"50,783,029","10,245,782","3,547,141","2,507,586","2,811,410","1,466,810","1,519,490","1,137,918",0,"11,972,408","1,536,525","1,564,283","2,108,537","1,873,678","1,910,746","2,694,822","3,308,081","577,812"
,세대수,"20,081,106","4,192,477","1,383,129","943,293","1,081,754","551,779","570,007","415,381",0,"4,592,491","651,414","629,236","872,725","756,575","805,800","1,116,512","1,289,454","229,079"
,세대당 인구,      2.53,      2.44,      2.56,      2.66,      2.60,      2.66,      2.67,      2.74,      0.00,      2.61,      2.36,      2.49,      2.42,      2.48,      2.37,      2.41,      2.57,      2.52
2012년04월,총인구수,"50,801,531","10,241,387","3,545,806","2,507,310","2,815,158","1,466,676","1,520,628","1,139,628",0,"11,984,985","1,537,096","1,565,389","2,110,896","1,873,333","1,910,533","2,694,944","3,309,325","578,437"
,세대수,"20,094,955","4,190,283","1,383,742","943,826","1,083,488","551,847","570,860","416,576",0,"4,596,720","652,486","630,148","874,056","757,074","806,372","1,117,150","1,290,909","229,418"
,세대당 인구,      2.53,      2.44,      2.56,      2.66,      2.60,      2.66,      2.66,      2.74,      0.00,      2.61,      2.36,      2.48,      2.42,      2.47,      2.37,      2.41,      2.56,      2.52
2012년05월,총인구수,"50,819,380","10,237,054","3,543,688","2,507,022","2,818,348","1,466,464","1,521,659","1,140,673",0,"11,998,173","1,537,673","1,566,183","2,112,849","1,873,141","1,910,689","2,694,930","3,311,574","579,260"
,세대수,"20,109,711","4,188,758","1,383,896","944,380","1,085,300","552,239","571,755","417,317",0,"4,601,413","653,384","630,872","875,362","757,366","806,848","1,117,991","1,292,968","229,862"
,세대당 인구,      2.53,      2.44,      2.56,      2.65,      2.60,      2.66,      2.66,      2.73,      0.00,      2.61,      2.35,      2.48,      2.41,      2.47,      2.37,      2.41,      2.56,      2.52
2012년06월,총인구수,"50,832,898","10,232,281","3,542,239","2,506,977","2,820,994","1,466,388","1,522,595","1,140,954",0,"12,009,150","1,537,750","1,566,992","2,114,599","1,873,093","1,910,707","2,695,113","3,313,207","579,859"
,세대수,"20,122,836","4,187,283","1,384,518","945,175","1,086,762","552,657","572,411","417,814",0,"4,605,492","653,835","631,512","876,728","757,812","807,255","1,118,883","1,294,469","230,230"
,세대당 인구,      2.53,      2.44,      2.56,      2.65,      2.60,      2.65,      2.66,      2.73,      0.00,      2.61,      2.35,      2.48,      2.41,      2.47,      2.37,      2.41,      2.56,      2.52
2012년07월,총인구수,"50,851,082","10,227,761","3,542,218","2,506,969","2,824,150","1,467,030","1,522,581","1,141,483","103,127","12,021,422","1,538,198","1,561,493","2,021,776","1,872,830","1,910,298","2,695,263","3,313,689","580,794"
,세대수,"20,137,163","4,186,203","1,385,771","945,747","1,088,559","553,169","572,926","418,391","43,364","4,609,946","654,172","629,362","838,007","758,143","807,574","1,119,683","1,295,467","230,679"
,세대당 인구,      2.53,      2.44,      2.56,      2.65,      2.59,      2.65,      2.66,      2.73,      2.38,      2.61,      2.35,      2.48,      2.41,      2.47,      2.37,      2.41,      2.56,      2.52
2012년08월,총인구수,"50,871,606","10,223,243","3,541,431","2,507,715","2,828,342","1,467,979","1,522,189","1,142,528","106,625","12,035,714","1,538,136","1,562,289","2,022,434","1,872,957","1,909,493","2,695,008","3,314,183","581,340"
,세대수,"20,153,476","4,185,964","1,386,827","946,764","1,090,342","553,780","573,311","419,394","44,460","4,615,762","654,381","630,073","838,591","758,518","807,518","1,120,164","1,296,616","231,011"
,세대당 인구,      2.52,      2.44,      2.55,      2.65,      2.59,      2.65,      2.66,      2.72,      2.40,      2.61,      2.35,      2.48,      2.41,      2.47,      2.36,      2.41,      2.56,      2.52
2012년09월,총인구수,"50,891,223","10,219,334","3,540,802","2,507,791","2,831,729","1,468,777","1,522,880","1,143,464","108,027","12,047,601","1,538,934","1,563,323","2,023,534","1,873,134","1,909,212","2,695,316","3,315,343","582,022"
,세대수,"20,167,152","4,185,440","1,387,335","947,187","1,092,022","554,176","573,847","419,957","44,934","4,620,473","655,021","631,133","839,306","758,814","807,769","1,120,900","1,297,543","231,295"
,세대당 인구,      2.52,      2.44,      2.55,      2.65,      2.59,      2.65,      2.65,      2.72,      2.40,      2.61,      2.35,      2.48,      2.41,      2.47,      2.36,      2.40,      2.56,      2.52
2012년10월,총인구수,"50,912,264","10,212,445","3,540,098","2,507,571","2,836,080","1,469,614","1,523,647","1,145,096","109,823","12,060,335","1,538,869","1,564,665","2,025,274","1,873,353","1,908,998","2,696,180","3,317,523","582,693"
,세대수,"20,182,469","4,182,937","1,387,958","947,745","1,094,054","554,688","574,436","420,865","45,493","4,626,371","655,349","632,225","840,234","759,105","807,934","1,122,136","1,299,291","231,648"
,세대당 인구,      2.52,      2.44,      2.55,      2.65,      2.59,      2.65,      2.65,      2.72,      2.41,      2.61,      2.35,      2.47,      2.41,      2.47,      2.36,      2.40,      2.55,      2.52
2012년11월,총인구수,"50,930,805","10,205,843","3,539,273","2,507,910","2,840,308","1,470,669","1,524,566","1,146,555","111,191","12,071,878","1,539,116","1,565,188","2,026,849","1,873,561","1,908,834","2,697,569","3,318,202","583,293"
,세대수,"20,196,798","4,180,568","1,388,602","948,321","1,095,983","555,377","575,014","421,545","45,914","4,632,096","655,509","632,639","841,427","759,809","808,074","1,123,736","1,300,204","231,980"
,세대당 인구,      2.52,      2.44,      2.55,      2.64,      2.59,      2.65,      2.65,      2.72,      2.42,      2.61,      2.35,      2.47,      2.41,      2.47,      2.36,      2.40,      2.55,      2.51
2012년12월,총인구수,"50,948,272","10,195,318","3,538,484","2,505,644","2,843,981","1,469,216","1,524,583","1,147,256","113,117","12,093,299","1,538,630","1,565,628","2,028,777","1,873,341","1,909,618","2,698,353","3,319,314","583,713"
,세대수,"20,211,770","4,177,970","1,389,526","948,652","1,097,491","555,538","575,600","422,177","46,592","4,639,665","655,301","633,166","842,446","760,189","808,682","1,125,195","1,301,439","232,141"
,세대당 인구,      2.52,      2.44,      2.55,      2.64,      2.59,      2.64,      2.65,      2.72,      2.43,      2.61,      2.35,      2.47,      2.41,      2.46,      2.36,      2.40,      2.55,      2.51
2013년01월,총인구수,"50,965,180","10,195,064","3,538,191","2,504,945","2,846,899","1,470,061","1,525,888","1,148,130","113,911","12,107,216","1,537,704","1,565,670","2,029,769","1,872,500","1,907,945","2,698,263","3,318,979","584,045"
,세대수,"20,223,716","4,178,537","1,390,482","949,135","1,098,867","556,033","576,298","422,783","46,817","4,644,387","654,872","633,577","843,309","760,097","808,285","1,126,044","1,301,794","232,399"
,세대당 인구,      2.52,      2.44,      2.54,      2.64,      2.59,      2.64,      2.65,      2.72,      2.43,      2.61,      2.35,      2.47,      2.41,      2.46,      2.36,      2.40,      2.55,      2.51
2013년02월,총인구수,"50,991,003","10,196,434","3,539,455","2,505,040","2,850,543","1,470,969","1,527,383","1,148,713","115,269","12,123,024","1,536,718","1,565,697","2,031,839","1,872,311","1,907,027","2,696,802","3,318,548","585,231"
,세대수,"20,248,440","4,181,574","1,392,593","950,116","1,100,751","556,633","577,469","423,523","47,246","4,651,451","654,835","634,382","844,895","761,049","808,704","1,126,942","1,303,194","233,083"
,세대당 인구,      2.52,      2.44,      2.54,      2.64,      2.59,      2.64,      2.64,      2.71,      2.44,      2.61,      2.35,      2.47,      2.40,      2.46,      2.36,      2.39,      2.55,      2.51
2013년03월,총인구수,"51,003,843","10,192,057","3,538,285","2,504,623","2,853,489","1,470,979","1,527,857","1,150,215","115,955","12,133,590","1,538,219","1,565,972","2,033,019","1,871,818","1,906,887","2,696,554","3,318,175","586,149"
,세대수,"20,273,632","4,182,314","1,394,327","951,239","1,102,546","557,409","578,317","425,127","47,492","4,657,095","657,367","635,413","846,337","761,586","810,358","1,128,339","1,304,652","233,714"
,세대당 인구,      2.52,      2.44,      2.54,      2.63,      2.59,      2.64,      2.64,      2.71,      2.44,      2.61,      2.34,      2.46,      2.40,      2.46,      2.35,      2.39,      2.54,      2.51
2013년04월,총인구수,"51,018,468","10,185,955","3,537,758","2,504,888","2,856,667","1,471,324","1,528,578","1,150,708","116,345","12,144,383","1,539,169","1,566,920","2,034,946","1,871,979","1,906,477","2,696,341","3,318,877","587,153"
,세대수,"20,295,992","4,182,017","1,395,693","952,603","1,104,798","558,212","579,119","425,672","47,671","4,662,907","659,050","636,719","847,856","762,299","811,127","1,129,336","1,306,563","234,350"
,세대당 인구,      2.51,      2.44,      2.53,      2.63,      2.59,      2.64,      2.64,      2.70,      2.44,      2.60,      2.34,      2.46,      2.40,      2.46,      2.35,      2.39,      2.54,      2.51
2013년05월,총인구수,"51,034,494","10,181,807","3,536,426","2,505,083","2,859,335","1,471,801","1,529,085","1,151,340","116,842","12,156,714","1,539,403","1,567,548","2,036,661","1,871,592","1,906,335","2,696,447","3,320,074","588,001"
,세대수,"20,316,172","4,181,819","1,396,943","954,131","1,106,340","558,883","579,989","426,252","47,902","4,669,308","659,982","637,656","849,206","762,625","811,950","1,130,416","1,307,963","234,807"
,세대당 인구,      2.51,      2.43,      2.53,      2.63,      2.58,      2.63,      2.64,      2.70,      2.44,      2.60,      2.33,      2.46,      2.40,      2.45,      2.35,      2.39,      2.54,      2.50
2013년06월,총인구수,"51,047,880","10,176,560","3,534,500","2,503,728","2,861,722","1,471,867","1,529,655","1,152,039","117,012","12,167,575","1,539,767","1,568,860","2,038,322","1,871,545","1,906,575","2,696,833","3,322,702","588,618"
,세대수,"20,337,060","4,181,577","1,398,062","954,909","1,108,281","559,606","580,723","427,102","47,994","4,675,231","660,846","639,082","850,636","763,138","812,667","1,131,718","1,310,249","235,239"
,세대당 인구,      2.51,      2.43,      2.53,      2.62,      2.58,      2.63,      2.63,      2.70,      2.44,      2.60,      2.33,      2.45,      2.40,      2.45,      2.35,      2.38,      2.54,      2.50
2013년07월,총인구수,"51,064,841","10,172,002","3,532,994","2,503,604","2,864,951","1,472,357","1,530,226","1,152,765","117,369","12,181,553","1,540,014","1,569,348","2,039,668","1,871,570","1,906,028","2,696,446","3,324,324","589,622"
,세대수,"20,353,395","4,181,320","1,398,777","955,615","1,110,028","560,156","581,470","427,823","48,142","4,680,917","661,141","639,976","851,630","763,525","812,934","1,132,318","1,311,797","235,826"
,세대당 인구,      2.51,      2.43,      2.53,      2.62,      2.58,      2.63,      2.63,      2.69,      2.44,      2.60,      2.33,      2.45,      2.40,      2.45,      2.34,      2.38,      2.53,      2.50
2013년08월,총인구수,"51,081,507","10,168,997","3,531,796","2,503,400","2,867,429","1,472,807","1,530,908","1,154,208","117,939","12,193,532","1,540,264","1,569,731","2,041,263","1,871,498","1,905,442","2,696,492","3,325,351","590,450"
,세대수,"20,373,300","4,183,132","1,399,919","956,366","1,111,667","560,805","582,064","428,973","48,319","4,687,386","661,758","640,589","852,765","764,029","812,865","1,133,265","1,313,036","236,362"
,세대당 인구,      2.51,      2.43,      2.52,      2.62,      2.58,      2.63,      2.63,      2.69,      2.44,      2.60,      2.33,      2.45,      2.39,      2.45,      2.34,      2.38,      2.53,      2.50
2013년09월,총인구수,"51,098,531","10,166,691","3,531,643","2,503,679","2,870,125","1,473,229","1,531,418","1,154,382","118,273","12,203,080","1,540,796","1,570,486","2,043,056","1,871,726","1,905,374","2,696,705","3,326,527","591,341"
,세대수,"20,393,578","4,184,537","1,401,269","957,448","1,113,335","561,431","582,711","429,345","48,419","4,693,661","662,541","641,351","854,028","764,516","813,415","1,134,249","1,314,455","236,867"
,세대당 인구,      2.51,      2.43,      2.52,      2.61,      2.58,      2.62,      2.63,      2.69,      2.44,      2.60,      2.33,      2.45,      2.39,      2.45,      2.34,      2.38,      2.53,      2.50
2013년10월,총인구수,"51,115,702","10,162,099","3,530,579","2,503,648","2,873,451","1,473,576","1,532,456","1,154,956","118,745","12,211,807","1,541,457","1,571,704","2,045,203","1,871,776","1,905,627","2,697,450","3,328,969","592,199"
,세대수,"20,418,259","4,185,280","1,402,700","958,738","1,115,516","562,285","583,581","429,874","48,624","4,700,260","663,630","642,674","855,600","765,111","814,145","1,135,742","1,317,001","237,498"
,세대당 인구,      2.50,      2.43,      2.52,      2.61,      2.58,      2.62,      2.63,      2.69,      2.44,      2.60,      2.32,      2.45,      2.39,      2.45,      2.34,      2.38,      2.53,      2.49
2013년11월,총인구수,"51,127,984","10,154,180","3,529,884","2,503,283","2,876,797","1,473,689","1,533,114","1,155,867","119,309","12,219,786","1,542,069","1,572,158","2,046,550","1,872,370","1,906,495","2,698,619","3,330,810","593,004"
,세대수,"20,437,628","4,184,122","1,404,011","959,457","1,117,478","563,078","584,215","430,697","48,860","4,706,010","664,587","643,305","856,606","765,922","815,023","1,137,629","1,318,669","237,959"
,세대당 인구,      2.50,      2.43,      2.51,      2.61,      2.57,      2.62,      2.62,      2.68,      2.44,      2.60,      2.32,      2.44,      2.39,      2.44,      2.34,      2.37,      2.53,      2.49
2013년12월,총인구수,"51,141,463","10,143,645","3,527,635","2,501,588","2,879,782","1,472,910","1,532,811","1,156,480","122,153","12,234,630","1,542,263","1,572,732","2,047,631","1,872,965","1,907,172","2,699,440","3,333,820","593,806"
,세대수,"20,456,588","4,182,351","1,404,663","960,265","1,118,988","563,599","584,877","431,595","50,045","4,712,324","664,913","644,062","857,699","766,699","815,769","1,139,387","1,320,887","238,465"
,세대당 인구,      2.50,      2.43,      2.51,      2.61,      2.57,      2.61,      2.62,      2.68,      2.44,      2.60,      2.32,      2.44,      2.39,      2.44,      2.34,      2.37,      2.52,      2.49
2014년01월,총인구수,"51,156,168","10,143,164","3,526,648","2,501,823","2,882,047","1,473,529","1,533,497","1,157,199","123,802","12,245,960","1,540,745","1,572,779","2,048,438","1,872,297","1,906,363","2,698,306","3,334,948","594,623"
,세대수,"20,466,884","4,182,556","1,405,145","960,941","1,119,942","563,922","585,415","432,230","50,676","4,716,710","664,027","644,187","858,444","766,686","815,503","1,139,463","1,322,143","238,894"
,세대당 인구,      2.50,      2.43,      2.51,      2.60,      2.57,      2.61,      2.62,      2.68,      2.44,      2.60,      2.32,      2.44,      2.39,      2.44,      2.34,      2.37,      2.52,      2.49
2014년02월,총인구수,"51,171,176","10,144,173","3,527,439","2,500,778","2,884,824","1,473,327","1,534,335","1,157,627","125,944","12,256,617","1,539,343","1,572,923","2,049,750","1,871,267","1,905,198","2,697,306","3,334,412","595,913"
,세대수,"20,500,837","4,188,621","1,408,084","962,186","1,122,115","564,920","586,973","433,156","51,502","4,725,455","663,906","645,224","860,214","767,406","816,232","1,140,927","1,324,226","239,690"
,세대당 인구,      2.50,      2.42,      2.51,      2.60,      2.57,      2.61,      2.61,      2.67,      2.45,      2.59,      2.32,      2.44,      2.38,      2.44,      2.33,      2.36,      2.52,      2.49
2014년03월,총인구수,"51,185,882","10,141,727","3,525,512","2,500,874","2,886,580","1,472,490","1,534,954","1,158,245","126,857","12,266,541","1,541,051","1,572,914","2,051,940","1,871,139","1,905,860","2,697,169","3,335,088","596,941"
,세대수,"20,527,351","4,190,331","1,409,289","963,633","1,123,401","565,417","587,986","434,103","51,915","4,731,176","666,873","646,129","862,148","768,363","817,746","1,142,501","1,326,081","240,259"
,세대당 인구,      2.49,      2.42,      2.50,      2.60,      2.57,      2.60,      2.61,      2.67,      2.44,      2.59,      2.31,      2.43,      2.38,      2.44,      2.33,      2.36,      2.51,      2.48
2014년04월,총인구수,"51,202,130","10,137,313","3,523,386","2,499,880","2,889,258","1,471,850","1,535,367","1,159,234","128,200","12,276,751","1,541,556","1,574,548","2,053,837","1,871,174","1,907,343","2,697,438","3,336,980","598,015"
,세대수,"20,549,492","4,189,778","1,409,861","964,238","1,125,002","566,030","588,803","434,999","52,484","4,737,047","668,131","648,047","863,877","769,136","819,764","1,143,377","1,327,985","240,933"
,세대당 인구,      2.49,      2.42,      2.50,      2.59,      2.57,      2.60,      2.61,      2.66,      2.44,      2.59,      2.31,      2.43,      2.38,      2.43,      2.33,      2.36,      2.51,      2.48
2014년05월,총인구수,"51,218,424","10,133,734","3,521,473","2,498,632","2,891,615","1,473,697","1,535,415","1,160,275","129,669","12,286,470","1,541,841","1,575,073","2,056,156","1,871,333","1,906,487","2,697,563","3,339,869","599,122"
,세대수,"20,567,959","4,189,440","1,410,558","964,444","1,126,619","567,451","589,333","435,848","53,101","4,742,158","668,750","649,024","865,343","769,886","820,119","1,144,241","1,330,005","241,639"
,세대당 인구,      2.49,      2.42,      2.50,      2.59,      2.57,      2.60,      2.61,      2.66,      2.44,      2.59,      2.31,      2.43,      2.38,      2.43,      2.32,      2.36,      2.51,      2.48
2014년06월,총인구수,"51,233,579","10,129,223","3,521,210","2,498,450","2,892,483","1,474,546","1,535,701","1,161,019","130,708","12,300,698","1,541,568","1,576,066","2,057,178","1,870,844","1,905,242","2,697,248","3,341,111","600,284"
,세대수,"20,586,788","4,189,495","1,412,091","965,153","1,127,861","568,269","590,008","436,822","53,497","4,748,611","668,897","650,157","866,215","770,284","820,342","1,145,091","1,331,704","242,291"
,세대당 인구,      2.49,      2.42,      2.49,      2.59,      2.56,      2.59,      2.60,      2.66,      2.44,      2.59,      2.30,      2.42,      2.37,      2.43,      2.32,      2.36,      2.51,      2.48
2014년07월,총인구수,"51,250,261","10,125,912","3,520,288","2,497,705","2,894,151","1,475,676","1,536,349","1,161,538","132,016","12,313,649","1,541,315","1,576,819","2,058,114","1,871,456","1,904,195","2,697,325","3,342,286","601,467"
,세대수,"20,606,866","4,190,836","1,413,009","965,763","1,129,205","569,296","590,759","437,607","53,955","4,755,195","668,835","651,236","867,154","771,009","820,605","1,145,875","1,333,573","242,954"
,세대당 인구,      2.49,      2.42,      2.49,      2.59,      2.56,      2.59,      2.60,      2.65,      2.45,      2.59,      2.30,      2.42,      2.37,      2.43,      2.32,      2.35,      2.51,      2.48
2014년08월,총인구수,"51,266,779","10,124,243","3,520,287","2,496,596","2,895,292","1,476,459","1,536,286","1,162,316","134,631","12,324,470","1,541,010","1,577,549","2,058,652","1,872,056","1,903,177","2,697,927","3,343,307","602,521"
,세대수,"20,628,782","4,193,111","1,414,444","966,249","1,130,171","570,145","591,457","438,527","54,856","4,761,863","669,209","652,347","867,894","771,868","820,610","1,147,039","1,335,420","243,572"
,세대당 인구,      2.49,      2.41,      2.49,      2.58,      2.56,      2.59,      2.60,      2.65,      2.45,      2.59,      2.30,      2.42,      2.37,      2.43,      2.32,      2.35,      2.50,      2.47
2014년09월,총인구수,"51,284,774","10,122,661","3,520,732","2,491,269","2,897,018","1,477,517","1,535,815","1,163,048","138,136","12,334,023","1,541,414","1,578,401","2,059,085","1,871,931","1,902,350","2,703,929","3,343,878","603,567"
,세대수,"20,655,145","4,195,210","1,416,330","966,291","1,131,694","570,894","591,975","439,277","56,169","4,769,074","669,874","653,584","868,622","772,627","820,873","1,151,129","1,337,347","244,175"
,세대당 인구,      2.48,      2.41,      2.49,      2.58,      2.56,      2.59,      2.59,      2.65,      2.46,      2.59,      2.30,      2.41,      2.37,      2.42,      2.32,      2.35,      2.50,      2.47
2014년10월,총인구수,"51,302,044","10,117,909","3,525,913","2,492,994","2,899,071","1,477,780","1,535,028","1,163,690","142,686","12,342,448","1,542,147","1,578,934","2,059,871","1,871,747","1,902,324","2,700,328","3,344,403","604,771"
,세대수,"20,682,278","4,195,960","1,420,692","968,167","1,133,548","572,059","592,431","440,161","57,771","4,776,263","670,805","654,639","869,661","773,310","821,563","1,150,669","1,339,606","244,973"
,세대당 인구,      2.48,      2.41,      2.48,      2.57,      2.56,      2.58,      2.59,      2.64,      2.47,      2.58,      2.30,      2.41,      2.37,      2.42,      2.32,      2.35,      2.50,      2.47
2014년11월,총인구수,"51,314,683","10,112,156","3,522,643","2,493,857","2,900,996","1,478,204","1,534,041","1,166,229","148,151","12,348,078","1,542,604","1,579,037","2,060,971","1,871,725","1,902,916","2,699,686","3,347,317","606,072"
,세대수,"20,702,623","4,195,300","1,421,185","969,415","1,135,047","572,998","592,500","441,762","59,807","4,781,545","671,682","655,495","870,564","773,990","822,302","1,151,536","1,341,782","245,713"
,세대당 인구,      2.48,      2.41,      2.48,      2.57,      2.56,      2.58,      2.59,      2.64,      2.48,      2.58,      2.30,      2.41,      2.37,      2.42,      2.31,      2.34,      2.49,      2.47
2014년12월,총인구수,"51,327,916","10,103,233","3,519,401","2,493,264","2,902,608","1,475,884","1,531,809","1,166,377","156,125","12,357,830","1,544,442","1,578,933","2,062,273","1,871,560","1,905,780","2,700,794","3,350,257","607,346"
,세대수,"20,724,094","4,194,176","1,421,648","970,618","1,136,280","573,043","592,508","442,250","62,807","4,786,718","673,978","656,321","871,459","774,562","823,667","1,153,559","1,343,984","246,516"
,세대당 인구,      2.48,      2.41,      2.48,      2.57,      2.55,      2.58,      2.59,      2.64,      2.49,      2.58,      2.29,      2.41,      2.37,      2.42,      2.31,      2.34,      2.49,      2.46
2015년01월,총인구수,"51,342,881","10,104,515","3,517,898","2,492,658","2,904,876","1,476,891","1,531,287","1,167,232","161,716","12,366,711","1,543,640","1,578,531","2,063,050","1,871,018","1,904,220","2,699,275","3,351,038","608,325"
,세대수,"20,740,958","4,196,435","1,422,500","971,407","1,137,515","573,780","593,049","443,134","64,643","4,790,844","673,811","656,801","872,450","774,902","823,347","1,153,711","1,345,576","247,053"
,세대당 인구,      2.48,      2.41,      2.47,      2.57,      2.55,      2.57,      2.58,      2.63,      2.50,      2.58,      2.29,      2.40,      2.36,      2.41,      2.31,      2.34,      2.49,      2.46
2015년02월,총인구수,"51,360,454","10,105,206","3,517,939","2,492,583","2,906,603","1,477,340","1,529,431","1,167,385","169,762","12,376,944","1,542,918","1,578,253","2,062,924","1,870,728","1,903,220","2,698,469","3,351,137","609,612"
,세대수,"20,772,167","4,201,451","1,424,605","973,010","1,138,893","574,766","593,926","443,806","67,187","4,799,046","674,035","657,940","873,322","775,805","823,927","1,155,068","1,347,529","247,851"
,세대당 인구,      2.47,      2.41,      2.47,      2.56,      2.55,      2.57,      2.58,      2.63,      2.53,      2.58,      2.29,      2.40,      2.36,      2.41,      2.31,      2.34,      2.49,      2.46
2015년03월,총인구수,"51,378,174","10,100,987","3,515,839","2,491,897","2,908,418","1,477,504","1,528,090","1,168,692","174,920","12,392,297","1,543,187","1,578,748","2,064,229","1,869,966","1,902,274","2,697,302","3,352,780","611,044"
,세대수,"20,801,104","4,202,812","1,425,630","974,079","1,140,542","575,879","594,388","445,153","68,987","4,807,275","675,522","659,567","874,928","776,516","824,957","1,156,132","1,349,972","248,765"
,세대당 인구,      2.47,      2.40,      2.47,      2.56,      2.55,      2.57,      2.57,      2.63,      2.54,      2.58,      2.28,      2.39,      2.36,      2.41,      2.31,      2.33,      2.48,      2.46
2015년04월,총인구수,"51,395,238","10,094,889","3,515,439","2,491,545","2,910,307","1,477,609","1,527,314","1,169,433","178,656","12,405,279","1,543,811","1,579,291","2,065,609","1,869,900","1,902,212","2,696,837","3,354,602","612,505"
,세대수,"20,821,017","4,200,803","1,426,601","975,002","1,141,851","576,988","594,606","446,056","70,344","4,813,561","676,839","660,866","876,141","776,997","825,521","1,156,938","1,352,218","249,685"
,세대당 인구,      2.47,      2.40,      2.46,      2.56,      2.55,      2.56,      2.57,      2.62,      2.54,      2.58,      2.28,      2.39,      2.36,      2.41,      2.30,      2.33,      2.48,      2.45
2015년05월,총인구수,"51,413,925","10,088,393","3,515,806","2,491,867","2,912,114","1,477,212","1,526,568","1,169,658","182,028","12,418,899","1,545,194","1,580,042","2,067,096","1,869,965","1,902,383","2,696,674","3,356,168","613,858"
,세대수,"20,844,274","4,199,356","1,428,115","976,576","1,143,404","577,428","594,811","446,572","71,570","4,821,745","678,390","662,079","877,228","777,764","826,124","1,158,048","1,354,492","250,572"
,세대당 인구,      2.47,      2.40,      2.46,      2.55,      2.55,      2.56,      2.57,      2.62,      2.54,      2.58,      2.28,      2.39,      2.36,      2.40,      2.30,      2.33,      2.48,      2.45
2015년06월,총인구수,"51,431,100","10,078,850","3,517,491","2,491,137","2,914,271","1,476,974","1,525,656","1,169,768","185,212","12,432,063","1,547,166","1,582,181","2,068,444","1,869,668","1,902,638","2,697,791","3,356,540","615,250"
,세대수,"20,870,280","4,197,478","1,430,441","977,714","1,145,232","577,941","595,216","447,229","72,733","4,829,521","680,373","664,186","878,544","778,350","827,264","1,160,150","1,356,430","251,478"
,세대당 인구,      2.46,      2.40,      2.46,      2.55,      2.54,      2.56,      2.56,      2.62,      2.55,      2.57,      2.27,      2.38,      2.35,      2.40,      2.30,      2.33,      2.47,      2.45
2015년07월,총인구수,"51,448,183","10,071,654","3,518,955","2,490,799","2,916,719","1,476,716","1,525,195","1,170,232","189,478","12,444,924","1,547,737","1,581,840","2,069,109","1,869,354","1,903,046","2,698,899","3,356,488","617,038"
,세대수,"20,892,349","4,196,515","1,432,723","978,719","1,146,895","578,360","595,692","447,789","74,191","4,836,786","681,188","664,809","879,221","778,972","828,290","1,161,940","1,357,763","252,496"
,세대당 인구,      2.46,      2.40,      2.46,      2.54,      2.54,      2.55,      2.56,      2.61,      2.55,      2.57,      2.27,      2.38,      2.35,      2.40,      2.30,      2.32,      2.47,      2.44
2015년08월,총인구수,"51,465,228","10,063,197","3,517,907","2,490,621","2,918,982","1,476,152","1,524,025","1,170,640","194,173","12,460,604","1,547,646","1,581,792","2,071,333","1,869,025","1,903,609","2,699,955","3,357,120","618,447"
,세대수,"20,916,461","4,196,071","1,434,025","979,556","1,148,532","579,012","596,046","448,384","75,849","4,846,467","681,440","665,376","880,885","779,607","829,036","1,163,458","1,359,392","253,325"
,세대당 인구,      2.46,      2.40,      2.45,      2.54,      2.54,      2.55,      2.56,      2.61,      2.56,      2.57,      2.27,      2.38,      2.35,      2.40,      2.30,      2.32,      2.47,      2.44
2015년09월,총인구수,"51,482,816","10,055,027","3,516,704","2,490,584","2,920,938","1,475,590","1,523,338","1,170,980","197,964","12,475,565","1,548,082","1,582,080","2,072,314","1,869,255","1,904,402","2,700,461","3,359,523","620,009"
,세대수,"20,940,559","4,195,438","1,434,668","980,589","1,149,918","579,646","596,471","448,968","77,316","4,856,337","682,501","666,078","881,841","780,438","830,007","1,164,683","1,361,390","254,270"
,세대당 인구,      2.46,      2.40,      2.45,      2.54,      2.54,      2.55,      2.55,      2.61,      2.56,      2.57,      2.27,      2.38,      2.35,      2.40,      2.29,      2.32,      2.47,      2.44
2015년10월,총인구수,"51,500,986","10,045,027","3,515,689","2,489,847","2,923,030","1,474,603","1,522,288","1,173,050","202,214","12,491,080","1,549,221","1,582,656","2,073,340","1,869,297","1,905,616","2,700,878","3,361,489","621,661"
,세대수,"20,967,469","4,194,103","1,435,812","981,517","1,151,528","579,861","596,840","450,705","78,835","4,866,246","683,868","667,449","883,134","781,405","831,372","1,166,062","1,363,443","255,289"
,세대당 인구,      2.46,      2.40,      2.45,      2.54,      2.54,      2.54,      2.55,      2.60,      2.57,      2.57,      2.27,      2.37,      2.35,      2.39,      2.29,      2.32,      2.47,      2.44
2015년11월,총인구수,"51,515,399","10,035,597","3,514,842","2,489,339","2,924,578","1,474,910","1,521,142","1,174,051","206,044","12,504,790","1,549,178","1,583,053","2,074,956","1,869,654","1,905,373","2,702,186","3,362,754","622,952"
,세대수,"20,988,782","4,192,412","1,436,851","981,816","1,152,662","580,347","596,962","451,621","80,222","4,875,733","684,390","668,138","884,328","782,251","831,984","1,167,936","1,365,053","256,076"
,세대당 인구,      2.45,      2.39,      2.45,      2.54,      2.54,      2.54,      2.55,      2.60,      2.57,      2.56,      2.26,      2.37,      2.35,      2.39,      2.29,      2.31,      2.46,      2.43
2015년12월,총인구수,"51,529,338","10,022,181","3,513,777","2,487,829","2,925,815","1,472,199","1,518,775","1,173,534","210,884","12,522,606","1,549,507","1,583,952","2,077,649","1,869,711","1,908,996","2,702,826","3,364,702","624,395"
,세대수,"21,011,152","4,189,948","1,437,818","982,360","1,154,004","580,427","597,008","451,688","81,806","4,885,012","685,005","669,503","885,968","782,986","833,901","1,169,648","1,367,142","256,928"
,세대당 인구,      2.45,      2.39,      2.44,      2.53,      2.54,      2.54,      2.54,      2.60,      2.58,      2.56,      2.26,      2.37,      2.35,      2.39,      2.29,      2.31,      2.46,      2.43
2016년01월,총인구수,"51,541,582","10,018,537","3,513,361","2,487,823","2,927,195","1,472,802","1,518,024","1,173,568","215,418","12,536,474","1,549,193","1,583,982","2,078,572","1,868,354","1,906,904","2,701,160","3,364,764","625,451"
,세대수,"21,026,847","4,190,415","1,438,704","983,114","1,154,780","580,921","597,529","452,104","83,357","4,891,903","685,049","669,809","886,646","783,137","833,626","1,169,682","1,368,537","257,534"
,세대당 인구,      2.45,      2.39,      2.44,      2.53,      2.53,      2.54,      2.54,      2.60,      2.58,      2.56,      2.26,      2.36,      2.34,      2.39,      2.29,      2.31,      2.46,      2.43
2016년02월,총인구수,"51,555,409","10,014,261","3,513,192","2,486,589","2,928,596","1,472,153","1,517,716","1,173,143","220,108","12,551,398","1,548,016","1,583,781","2,080,030","1,867,534","1,905,700","2,701,055","3,364,695","627,442"
,세대수,"21,057,262","4,193,517","1,440,354","984,228","1,156,103","581,429","599,010","452,603","85,048","4,901,579","685,109","670,655","888,314","784,072","834,499","1,171,457","1,370,732","258,553"
,세대당 인구,      2.45,      2.39,      2.44,      2.53,      2.53,      2.53,      2.53,      2.59,      2.59,      2.56,      2.26,      2.36,      2.34,      2.38,      2.28,      2.31,      2.45,      2.43
2016년03월,총인구수,"51,569,536","10,009,588","3,512,444","2,486,059","2,929,817","1,471,618","1,517,118","1,172,959","223,461","12,565,891","1,547,845","1,584,325","2,081,092","1,866,691","1,905,239","2,701,148","3,365,021","629,220"
,세대수,"21,084,550","4,194,485","1,442,013","985,155","1,157,568","582,107","599,751","452,988","86,302","4,910,886","685,893","671,877","889,500","784,756","835,935","1,173,012","1,372,634","259,688"
,세대당 인구,      2.45,      2.39,      2.44,      2.52,      2.53,      2.53,      2.53,      2.59,      2.59,      2.56,      2.26,      2.36,      2.34,      2.38,      2.28,      2.30,      2.45,      2.42
2016년04월,총인구수,"51,584,349","10,002,979","3,511,974","2,485,663","2,932,141","1,471,819","1,516,904","1,172,925","225,488","12,578,597","1,548,170","1,585,312","2,082,319","1,866,184","1,904,917","2,701,238","3,366,658","631,061"
,세대수,"21,104,857","4,193,887","1,443,215","985,801","1,159,109","582,731","600,185","453,256","87,157","4,918,017","687,027","673,166","890,469","785,172","836,425","1,173,932","1,374,460","260,848"
,세대당 인구,      2.44,      2.39,      2.43,      2.52,      2.53,      2.53,      2.53,      2.59,      2.59,      2.56,      2.25,      2.36,      2.34,      2.38,      2.28,      2.30,      2.45,      2.42
2016년05월,총인구수,"51,601,265","9,995,784","3,510,833","2,485,134","2,933,959","1,472,317","1,516,494","1,173,147","227,972","12,594,829","1,547,821","1,586,414","2,084,034","1,865,634","1,904,449","2,701,912","3,367,730","632,802"
,세대수,"21,130,317","4,193,473","1,444,666","986,568","1,161,005","583,621","600,754","453,640","88,256","4,928,079","687,353","674,425","892,166","785,838","837,396","1,175,135","1,376,045","261,897"
,세대당 인구,      2.44,      2.38,      2.43,      2.52,      2.53,      2.52,      2.52,      2.59,      2.58,      2.56,      2.25,      2.35,      2.34,      2.37,      2.27,      2.30,      2.45,      2.42
2016년06월,총인구수,"51,619,330","9,989,795","3,509,462","2,484,864","2,935,314","1,472,285","1,516,208","1,173,143","230,327","12,610,877","1,548,603","1,586,943","2,085,844","1,865,900","1,904,314","2,702,385","3,368,792","634,274"
,세대수,"21,153,853","4,193,712","1,445,614","987,531","1,162,725","584,218","601,356","453,982","89,204","4,937,454","688,354","675,264","893,684","786,489","838,125","1,176,023","1,377,458","262,660"
,세대당 인구,      2.44,      2.38,      2.43,      2.52,      2.52,      2.52,      2.52,      2.58,      2.58,      2.55,      2.25,      2.35,      2.33,      2.37,      2.27,      2.30,      2.45,      2.41
2016년07월,총인구수,"51,634,618","9,981,673","3,508,095","2,484,856","2,937,217","1,472,481","1,516,291","1,173,066","232,117","12,629,325","1,548,636","1,587,539","2,086,737","1,865,612","1,903,692","2,702,210","3,369,271","635,800"
,세대수,"21,173,397","4,192,776","1,446,165","988,639","1,164,597","584,679","602,065","454,235","89,848","4,947,194","688,539","676,000","894,529","786,874","838,528","1,176,719","1,378,456","263,554"
,세대당 인구,      2.44,      2.38,      2.43,      2.51,      2.52,      2.52,      2.52,      2.58,      2.58,      2.55,      2.25,      2.35,      2.33,      2.37,      2.27,      2.30,      2.44,      2.41
2016년08월,총인구수,"51,649,552","9,971,111","3,507,205","2,485,537","2,938,902","1,472,432","1,516,165","1,173,005","234,510","12,649,894","1,548,844","1,588,025","2,088,268","1,865,232","1,902,883","2,701,293","3,369,074","637,172"
,세대수,"21,192,974","4,191,784","1,446,943","989,966","1,166,089","585,038","602,899","454,409","90,537","4,957,788","688,816","676,658","895,543","787,155","838,643","1,177,080","1,379,312","264,314"
,세대당 인구,      2.44,      2.38,      2.42,      2.51,      2.52,      2.52,      2.51,      2.58,      2.59,      2.55,      2.25,      2.35,      2.33,      2.37,      2.27,      2.29,      2.44,      2.41
2016년09월,총인구수,"51,664,244","9,964,291","3,505,821","2,485,692","2,940,436","1,472,379","1,516,241","1,172,965","236,134","12,666,278","1,549,483","1,588,548","2,089,831","1,864,729","1,902,077","2,701,445","3,369,695","638,199"
,세대수,"21,214,428","4,191,411","1,447,601","991,084","1,167,574","585,499","603,565","454,631","91,093","4,968,547","689,476","677,457","896,927","787,595","838,961","1,177,666","1,380,336","265,005"
,세대당 인구,      2.44,      2.38,      2.42,      2.51,      2.52,      2.51,      2.51,      2.58,      2.59,      2.55,      2.25,      2.34,      2.33,      2.37,      2.27,      2.29,      2.44,      2.41
2016년10월,총인구수,"51,677,054","9,954,791","3,503,789","2,485,484","2,941,793","1,471,911","1,515,787","1,173,178","238,533","12,683,730","1,550,021","1,589,268","2,091,626","1,864,043","1,902,022","2,700,957","3,370,815","639,306"
,세대수,"21,241,538","4,191,313","1,448,657","992,240","1,169,208","585,972","604,251","454,982","91,955","4,980,827","690,820","678,407","898,365","788,207","840,028","1,178,555","1,382,070","265,681"
,세대당 인구,      2.43,      2.38,      2.42,      2.50,      2.52,      2.51,      2.51,      2.58,      2.59,      2.55,      2.24,      2.34,      2.33,      2.36,      2.26,      2.29,      2.44,      2.41
2016년11월,총인구수,"51,687,682","9,943,333","3,501,671","2,485,535","2,942,613","1,471,384","1,515,394","1,172,891","240,560","12,699,920","1,550,209","1,590,537","2,093,838","1,864,475","1,902,260","2,700,843","3,371,731","640,488"
,세대수,"21,267,187","4,190,260","1,449,892","993,116","1,170,416","586,281","605,178","455,271","93,096","4,992,605","691,533","679,666","900,161","789,038","841,020","1,179,745","1,383,578","266,331"
,세대당 인구,      2.43,      2.37,      2.42,      2.50,      2.51,      2.51,      2.50,      2.58,      2.58,      2.54,      2.24,      2.34,      2.33,      2.36,      2.26,      2.29,      2.44,      2.40
2016년12월,총인구수,"51,696,216","9,930,616","3,498,529","2,484,557","2,943,069","1,469,214","1,514,370","1,172,304","243,048","12,716,780","1,550,806","1,591,625","2,096,727","1,864,791","1,903,914","2,700,398","3,373,871","641,597"
,세대수,"21,294,009","4,189,839","1,451,270","994,220","1,171,399","586,464","606,137","455,352","94,343","5,003,406","692,254","680,960","902,294","790,084","842,688","1,180,643","1,385,684","266,972"
,세대당 인구,      2.43,      2.37,      2.41,      2.50,      2.51,      2.51,      2.50,      2.57,      2.58,      2.54,      2.24,      2.34,      2.32,      2.36,      2.26,      2.29,      2.43,      2.40
2017년01월,총인구수,"51,704,332","9,930,478","3,496,779","2,484,688","2,944,009","1,469,583","1,514,354","1,171,656","244,939","12,728,620","1,549,212","1,591,674","2,097,406","1,863,298","1,902,380","2,698,803","3,374,065","642,388"
,세대수,"21,312,864","4,192,985","1,452,162","995,376","1,172,392","586,957","607,090","455,430","95,032","5,010,895","691,762","681,465","903,457","790,185","842,479","1,180,808","1,386,779","267,610"
,세대당 인구,      2.43,      2.37,      2.41,      2.50,      2.51,      2.50,      2.49,      2.57,      2.58,      2.54,      2.24,      2.34,      2.32,      2.36,      2.26,      2.29,      2.43,      2.40
2017년02월,총인구수,"51,712,221","9,931,412","3,495,478","2,484,578","2,944,266","1,468,527","1,513,877","1,169,957","247,600","12,741,266","1,548,252","1,592,001","2,099,924","1,861,955","1,900,797","2,696,329","3,372,266","643,736"
,세대수,"21,352,287","4,200,761","1,454,891","997,275","1,174,178","587,518","608,763","455,624","95,975","5,022,352","692,316","682,752","905,985","791,101","843,198","1,182,192","1,388,737","268,669"
,세대당 인구,      2.42,      2.36,      2.40,      2.49,      2.51,      2.50,      2.49,      2.57,      2.58,      2.54,      2.24,      2.33,      2.32,      2.35,      2.25,      2.28,      2.43,      2.40
2017년03월,총인구수,"51,714,935","9,926,968","3,493,041","2,483,488","2,944,630","1,467,766","1,512,189","1,168,843","251,178","12,753,983","1,547,735","1,591,697","2,102,327","1,860,485","1,899,441","2,694,544","3,371,696","644,924"
,세대수,"21,381,346","4,202,888","1,456,356","998,249","1,175,439","588,121","609,447","455,783","97,360","5,032,867","693,540","683,554","908,426","792,143","844,186","1,183,148","1,390,263","269,576"
,세대당 인구,      2.42,      2.36,      2.40,      2.49,      2.51,      2.50,      2.48,      2.56,      2.58,      2.53,      2.23,      2.33,      2.31,      2.35,      2.25,      2.28,      2.43,      2.39
2017년04월,총인구수,"51,722,903","9,922,745","3,491,282","2,483,105","2,945,305","1,467,002","1,511,396","1,168,501","254,112","12,763,961","1,547,579","1,592,492","2,104,463","1,859,703","1,899,604","2,693,810","3,371,703","646,140"
,세대수,"21,402,062","4,203,957","1,457,360","998,756","1,176,610","588,354","609,963","455,975","98,597","5,040,279","694,240","684,619","910,095","792,787","845,184","1,183,730","1,391,202","270,354"
,세대당 인구,      2.42,      2.36,      2.40,      2.49,      2.50,      2.49,      2.48,      2.56,      2.58,      2.53,      2.23,      2.33,      2.31,      2.35,      2.25,      2.28,      2.42,      2.39
2017년05월,총인구수,"51,732,586","9,919,016","3,489,212","2,482,476","2,946,270","1,466,741","1,509,587","1,167,960","259,157","12,775,175","1,547,453","1,592,573","2,105,959","1,858,927","1,899,088","2,692,859","3,372,586","647,547"
,세대수,"21,429,935","4,207,393","1,459,062","999,571","1,178,143","588,810","610,436","456,174","100,596","5,049,758","694,977","685,528","911,612","793,536","845,907","1,184,235","1,392,902","271,295"
,세대당 인구,      2.41,      2.36,      2.39,      2.48,      2.50,      2.49,      2.47,      2.56,      2.58,      2.53,      2.23,      2.32,      2.31,      2.34,      2.25,      2.27,      2.42,      2.39
2017년06월,총인구수,"51,736,224","9,914,381","3,486,570","2,481,985","2,946,915","1,466,451","1,508,137","1,167,525","263,056","12,783,741","1,547,829","1,592,634","2,107,562","1,857,815","1,898,065","2,691,727","3,373,334","648,497"
,세대수,"21,455,795","4,210,933","1,460,244","1,000,396","1,179,716","589,232","610,915","456,402","102,259","5,058,506","695,774","686,253","913,353","794,041","846,279","1,184,831","1,394,759","271,902"
,세대당 인구,      2.41,      2.35,      2.39,      2.48,      2.50,      2.49,      2.47,      2.56,      2.57,      2.53,      2.22,      2.32,      2.31,      2.34,      2.24,      2.27,      2.42,      2.39
2017년07월,총인구수,"51,744,948","9,908,612","3,484,836","2,481,489","2,947,803","1,466,415","1,507,597","1,166,942","266,075","12,795,378","1,547,387","1,592,817","2,109,230","1,856,921","1,897,681","2,690,974","3,374,601","650,190"
,세대수,"21,482,219","4,213,667","1,462,269","1,001,312","1,181,162","589,706","611,746","456,655","103,442","5,067,741","695,886","687,053","914,926","794,540","846,841","1,185,638","1,396,666","272,969"
,세대당 인구,      2.41,      2.35,      2.38,      2.48,      2.50,      2.49,      2.46,      2.56,      2.57,      2.52,      2.22,      2.32,      2.31,      2.34,      2.24,      2.27,      2.42,      2.38
2017년08월,총인구수,"51,753,820","9,902,072","3,484,183","2,479,887","2,948,014","1,466,642","1,507,116","1,165,909","269,102","12,810,014","1,547,455","1,593,022","2,111,419","1,855,985","1,895,974","2,690,671","3,374,467","651,888"
,세대수,"21,514,559","4,217,954","1,464,626","1,002,305","1,182,564","590,485","612,740","456,770","104,742","5,079,932","696,242","687,749","916,834","795,001","847,095","1,187,077","1,398,310","274,133"
,세대당 인구,      2.41,      2.35,      2.38,      2.47,      2.49,      2.48,      2.46,      2.55,      2.57,      2.52,      2.22,      2.32,      2.30,      2.33,      2.24,      2.27,      2.41,      2.38
2017년09월,총인구수,"51,762,492","9,891,448","3,482,804","2,478,236","2,947,298","1,466,639","1,506,741","1,165,385","271,410","12,827,633","1,547,768","1,593,313","2,113,033","1,855,450","1,895,233","2,691,502","3,375,329","653,270"
,세대수,"21,544,772","4,219,001","1,466,181","1,003,058","1,183,886","591,238","613,372","457,001","105,677","5,093,580","697,109","688,650","918,504","795,723","847,644","1,188,727","1,400,099","275,322"
,세대당 인구,      2.40,      2.34,      2.38,      2.47,      2.49,      2.48,      2.46,      2.55,      2.57,      2.52,      2.22,      2.31,      2.30,      2.33,      2.24,      2.26,      2.41,      2.37
2017년10월,총인구수,"51,769,092","9,882,810","3,478,109","2,477,186","2,948,098","1,466,716","1,505,829","1,165,528","274,092","12,841,321","1,547,999","1,593,577","2,114,284","1,854,688","1,894,676","2,691,794","3,377,635","654,750"
,세대수,"21,570,895","4,219,562","1,466,384","1,004,083","1,185,385","591,805","613,864","457,607","106,858","5,105,103","697,784","689,392","920,129","796,206","848,387","1,190,021","1,401,914","276,411"
,세대당 인구,      2.40,      2.34,      2.37,      2.47,      2.49,      2.48,      2.45,      2.55,      2.57,      2.52,      2.22,      2.31,      2.30,      2.33,      2.23,      2.26,      2.41,      2.37
2017년11월,총인구수,"51,774,649","9,870,167","3,474,534","2,476,557","2,948,241","1,466,328","1,504,307","1,165,317","276,879","12,858,161","1,549,344","1,594,005","2,115,586","1,853,886","1,894,426","2,691,878","3,379,020","656,013"
,세대수,"21,599,577","4,219,280","1,466,889","1,005,244","1,186,930","592,495","614,201","457,950","108,102","5,117,958","699,165","690,667","921,810","796,767","849,356","1,191,584","1,403,764","277,415"
,세대당 인구,      2.40,      2.34,      2.37,      2.46,      2.48,      2.47,      2.45,      2.54,      2.56,      2.51,      2.22,      2.31,      2.30,      2.33,      2.23,      2.26,      2.41,      2.36
2017년12월,총인구수,"51,778,544","9,857,426","3,470,653","2,475,231","2,948,542","1,463,770","1,502,227","1,165,132","280,100","12,873,895","1,550,142","1,594,432","2,116,770","1,854,607","1,896,424","2,691,706","3,380,404","657,083"
,세대수,"21,632,851","4,220,082","1,467,555","1,006,753","1,188,917","592,818","614,639","458,547","109,490","5,131,379","700,265","692,140","923,499","797,916","851,376","1,193,261","1,406,011","278,203"
,세대당 인구,      2.39,      2.34,      2.36,      2.46,      2.48,      2.47,      2.44,      2.54,      2.56,      2.51,      2.21,      2.30,      2.29,      2.32,      2.23,      2.26,      2.40,      2.36
2018년01월,총인구수,"51,779,148","9,851,767","3,467,055","2,474,309","2,950,771","1,464,037","1,501,378","1,164,489","283,198","12,890,445","1,548,078","1,593,903","2,117,685","1,851,694","1,893,444","2,688,747","3,379,981","658,167"
,세대수,"21,662,900","4,224,387","1,468,069","1,008,158","1,191,418","593,739","615,642","458,894","110,573","5,145,099","699,946","692,679","924,730","798,121","851,587","1,193,620","1,407,283","278,955"
,세대당 인구,      2.39,      2.33,      2.36,      2.45,      2.48,      2.47,      2.44,      2.54,      2.56,      2.51,      2.21,      2.30,      2.29,      2.32,      2.22,      2.25,      2.40,      2.36
2018년02월,총인구수,"51,779,892","9,845,336","3,465,407","2,473,466","2,951,629","1,463,100","1,499,187","1,163,151","288,079","12,908,010","1,546,259","1,594,066","2,118,099","1,849,543","1,891,308","2,685,633","3,378,430","659,189"
,세대수,"21,703,524","4,231,130","1,470,058","1,009,865","1,193,780","594,453","616,462","459,342","112,343","5,160,661","699,862","694,078","926,536","798,990","852,086","1,194,668","1,409,393","279,817"
,세대당 인구,      2.39,      2.33,      2.36,      2.45,      2.47,      2.46,      2.43,      2.53,      2.56,      2.50,      2.21,      2.30,      2.29,      2.31,      2.22,      2.25,      2.40,      2.36
2018년03월,총인구수,"51,784,669","9,838,892","3,463,103","2,472,175","2,951,442","1,462,033","1,497,572","1,162,074","291,182","12,925,761","1,546,152","1,594,708","2,119,468","1,848,066","1,890,423","2,683,661","3,377,516","660,441"
,세대수,"21,745,437","4,237,610","1,471,933","1,010,995","1,195,636","595,079","617,219","459,655","113,853","5,176,163","701,246","695,818","928,944","800,209","853,259","1,195,846","1,411,062","280,910"
,세대당 인구,      2.38,      2.32,      2.35,      2.45,      2.47,      2.46,      2.43,      2.53,      2.56,      2.50,      2.20,      2.29,      2.28,      2.31,      2.22,      2.24,      2.39,      2.35
2018년04월,총인구수,"51,790,131","9,830,452","3,460,707","2,471,136","2,952,476","1,460,972","1,496,123","1,161,303","295,041","12,941,604","1,545,452","1,595,164","2,120,666","1,847,089","1,890,412","2,682,897","3,377,126","661,511"
,세대수,"21,777,777","4,239,848","1,472,729","1,012,012","1,197,713","595,477","617,757","459,902","115,640","5,189,382","701,923","697,265","930,885","801,270","854,494","1,197,217","1,412,595","281,668"
,세대당 인구,      2.38,      2.32,      2.35,      2.44,      2.47,      2.45,      2.42,      2.53,      2.55,      2.49,      2.20,      2.29,      2.28,      2.31,      2.21,      2.24,      2.39,      2.35
2018년05월,총인구수,"51,796,179","9,820,971","3,458,134","2,469,936","2,953,255","1,460,564","1,495,234","1,160,657","297,604","12,958,648","1,545,291","1,595,822","2,121,618","1,846,144","1,889,726","2,682,316","3,377,626","662,633"
,세대수,"21,804,246","4,240,628","1,473,233","1,013,144","1,199,382","595,819","618,339","460,046","116,639","5,202,326","702,550","698,422","932,215","801,778","854,877","1,198,184","1,414,108","282,556"
,세대당 인구,      2.38,      2.32,      2.35,      2.44,      2.46,      2.45,      2.42,      2.52,      2.55,      2.49,      2.20,      2.28,      2.28,      2.30,      2.21,      2.24,      2.39,      2.35
2018년06월,총인구수,"51,801,449","9,814,049","3,455,611","2,469,617","2,953,883","1,460,745","1,494,878","1,159,594","300,332","12,975,176","1,544,843","1,595,772","2,122,220","1,844,639","1,887,991","2,681,090","3,377,483","663,526"
,세대수,"21,825,601","4,241,547","1,473,448","1,014,303","1,200,814","596,150","619,181","460,076","117,734","5,212,883","702,977","698,885","933,282","801,912","854,826","1,198,759","1,415,520","283,304"
,세대당 인구,      2.37,      2.31,      2.35,      2.43,      2.46,      2.45,      2.41,      2.52,      2.55,      2.49,      2.20,      2.28,      2.27,      2.30,      2.21,      2.24,      2.39,      2.34
2018년07월,총인구수,"51,806,977","9,806,538","3,453,198","2,468,824","2,953,841","1,461,203","1,495,029","1,158,847","302,703","12,993,165","1,544,258","1,596,161","2,122,531","1,843,009","1,886,297","2,679,546","3,377,248","664,579"
,세대수,"21,853,371","4,243,687","1,474,088","1,015,395","1,202,183","597,143","620,418","460,206","118,722","5,225,673","703,204","699,892","934,767","802,215","855,064","1,199,503","1,417,130","284,081"
,세대당 인구,      2.37,      2.31,      2.34,      2.43,      2.46,      2.45,      2.41,      2.52,      2.55,      2.49,      2.20,      2.28,      2.27,      2.30,      2.21,      2.23,      2.38,      2.34
2018년08월,총인구수,"51,812,153","9,799,075","3,451,049","2,467,385","2,953,206","1,461,463","1,494,286","1,157,964","305,648","13,012,486","1,543,668","1,596,324","2,123,368","1,841,427","1,884,285","2,678,272","3,376,730","665,517"
,세대수,"21,895,153","4,249,335","1,475,668","1,016,552","1,204,048","598,494","621,746","460,572","120,102","5,242,680","704,014","701,080","936,876","803,152","855,797","1,200,955","1,419,175","284,907"
,세대당 인구,      2.37,      2.31,      2.34,      2.43,      2.45,      2.44,      2.40,      2.51,      2.54,      2.48,      2.19,      2.28,      2.27,      2.29,      2.20,      2.23,      2.38,      2.34
2018년09월,총인구수,"51,817,851","9,793,003","3,449,593","2,466,454","2,953,116","1,461,790","1,493,654","1,157,420","308,068","13,027,338","1,543,780","1,596,734","2,123,776","1,840,544","1,882,637","2,677,762","3,376,031","666,151"
,세대수,"21,930,578","4,254,018","1,477,190","1,017,785","1,205,783","599,749","622,579","460,772","121,310","5,257,306","704,997","702,050","938,500","803,963","856,419","1,202,250","1,420,440","285,467"
,세대당 인구,      2.36,      2.30,      2.34,      2.42,      2.45,      2.44,      2.40,      2.51,      2.54,      2.48,      2.19,      2.27,      2.26,      2.29,      2.20,      2.23,      2.38,      2.33
2018년10월,총인구수,"51,821,881","9,784,112","3,446,856","2,465,145","2,953,333","1,461,904","1,492,589","1,156,917","310,403","13,045,223","1,543,441","1,597,709","2,124,524","1,839,358","1,881,420","2,676,904","3,375,357","666,686"
,세대수,"21,972,704","4,258,518","1,478,697","1,019,055","1,208,430","601,251","623,363","461,024","122,394","5,275,515","705,732","703,916","940,235","804,806","857,403","1,203,754","1,422,330","286,281"
,세대당 인구,      2.36,      2.30,      2.33,      2.42,      2.44,      2.43,      2.39,      2.51,      2.54,      2.47,      2.19,      2.27,      2.26,      2.29,      2.19,      2.22,      2.37,      2.33
2018년11월,총인구수,"51,824,477","9,774,088","3,444,540","2,464,002","2,953,844","1,461,009","1,491,716","1,156,260","312,103","13,061,074","1,543,556","1,598,184","2,125,409","1,838,049","1,881,518","2,677,014","3,375,047","667,064"
,세대수,"22,006,919","4,260,463","1,479,534","1,019,972","1,210,643","602,298","624,296","461,311","123,046","5,291,257","706,551","705,471","941,983","805,533","858,513","1,205,485","1,423,767","286,796"
,세대당 인구,      2.35,      2.29,      2.33,      2.42,      2.44,      2.43,      2.39,      2.51,      2.54,      2.47,      2.18,      2.27,      2.26,      2.28,      2.19,      2.22,      2.37,      2.33
2018년12월,총인구수,"51,826,059","9,765,623","3,441,453","2,461,769","2,954,642","1,459,336","1,489,936","1,155,623","314,126","13,077,153","1,543,052","1,599,252","2,126,282","1,836,832","1,882,970","2,676,831","3,373,988","667,191"
,세대수,"22,042,947","4,263,868","1,480,468","1,021,266","1,213,201","603,107","624,965","461,756","123,762","5,306,214","707,245","707,220","943,611","806,235","860,303","1,207,351","1,425,271","287,104"
,세대당 인구,      2.35,      2.29,      2.32,      2.41,      2.44,      2.42,      2.38,      2.50,      2.54,      2.46,      2.18,      2.26,      2.25,      2.28,      2.19,      2.22,      2.37,      2.32
2019년01월,총인구수,"51,826,287","9,766,288","3,438,259","2,460,382","2,955,916","1,459,832","1,488,725","1,154,786","316,814","13,090,648","1,541,693","1,599,155","2,125,797","1,834,532","1,878,904","2,674,005","3,373,214","667,337"
,세대수,"22,081,397","4,271,551","1,481,315","1,022,727","1,216,126","604,691","626,103","462,218","124,840","5,320,873","707,665","708,227","945,151","806,761","860,049","1,208,140","1,427,384","287,576"
,세대당 인구,      2.35,      2.29,      2.32,      2.41,      2.43,      2.41,      2.38,      2.50,      2.54,      2.46,      2.18,      2.26,      2.25,      2.27,      2.18,      2.21,      2.36,      2.32
2019년02월,총인구수,"51,829,538","9,770,638","3,436,230","2,458,138","2,956,063","1,459,208","1,487,605","1,153,735","320,326","13,104,696","1,540,445","1,598,868","2,125,372","1,832,227","1,875,862","2,671,587","3,371,016","667,522"
,세대수,"22,131,431","4,283,150","1,483,699","1,023,970","1,218,462","605,981","627,893","462,929","126,337","5,336,962","708,411","709,629","947,045","807,816","860,700","1,210,049","1,430,255","288,143"
,세대당 인구,      2.34,      2.28,      2.32,      2.40,      2.43,      2.41,      2.37,      2.49,      2.54,      2.46,      2.17,      2.25,      2.24,      2.27,      2.18,      2.21,      2.36,      2.32
2019년03월,총인구수,"51,833,175","9,770,216","3,434,091","2,455,829","2,956,513","1,458,930","1,486,647","1,152,800","322,693","13,116,579","1,540,488","1,598,775","2,125,778","1,830,499","1,874,232","2,671,036","3,369,949","668,120"
,세대수,"22,175,371","4,290,922","1,485,852","1,024,813","1,220,608","607,007","629,084","463,628","127,487","5,350,353","709,842","711,096","949,061","808,836","862,054","1,212,567","1,433,278","288,883"
,세대당 인구,      2.34,      2.28,      2.31,      2.40,      2.42,      2.40,      2.36,      2.49,      2.53,      2.45,      2.17,      2.25,      2.24,      2.26,      2.17,      2.20,      2.35,      2.31
2019년04월,총인구수,"51,836,763","9,766,886","3,431,750","2,454,154","2,956,700","1,458,940","1,485,509","1,152,293","324,417","13,129,508","1,540,794","1,599,488","2,125,912","1,829,273","1,873,183","2,670,375","3,368,933","668,648"
,세대수,"22,212,339","4,296,066","1,487,469","1,025,515","1,222,515","608,121","629,623","464,318","128,330","5,363,723","711,520","712,948","950,286","809,767","863,206","1,214,251","1,435,197","289,484"
,세대당 인구,      2.33,      2.27,      2.31,      2.39,      2.42,      2.40,      2.36,      2.48,      2.53,      2.45,      2.17,      2.24,      2.24,      2.26,      2.17,      2.20,      2.35,      2.31
2019년05월,총인구수,"51,840,339","9,762,062","3,429,595","2,452,291","2,957,179","1,459,003","1,484,398","1,151,685","325,777","13,145,482","1,540,776","1,599,854","2,125,732","1,827,871","1,871,718","2,669,731","3,367,857","669,328"
,세대수,"22,253,218","4,301,522","1,489,073","1,026,813","1,225,024","609,584","630,429","465,046","129,052","5,378,654","712,734","714,536","951,651","810,821","864,374","1,216,294","1,437,460","290,151"
,세대당 인구,      2.33,      2.27,      2.30,      2.39,      2.41,      2.39,      2.35,      2.48,      2.52,      2.44,      2.16,      2.24,      2.23,      2.25,      2.17,      2.19,      2.34,      2.31
2019년06월,총인구수,"51,842,636","9,757,144","3,427,632","2,450,478","2,957,024","1,459,024","1,482,938","1,151,301","327,643","13,159,178","1,540,855","1,599,650","2,125,855","1,826,717","1,870,587","2,669,850","3,366,989","669,771"
,세대수,"22,281,663","4,304,243","1,490,226","1,027,230","1,226,531","610,567","630,835","465,588","129,937","5,390,454","713,646","715,349","952,921","811,190","865,178","1,218,084","1,439,063","290,621"
,세대당 인구,      2.33,      2.27,      2.30,      2.39,      2.41,      2.39,      2.35,      2.47,      2.52,      2.44,      2.16,      2.24,      2.23,      2.25,      2.16,      2.19,      2.34,      2.30
2019년07월,총인구수,"51,845,612","9,751,415","3,425,317","2,448,666","2,956,828","1,459,486","1,481,701","1,150,891","330,298","13,176,011","1,540,714","1,599,368","2,125,349","1,825,381","1,868,856","2,668,836","3,366,286","670,209"
,세대수,"22,314,013","4,308,300","1,491,205","1,027,763","1,228,176","611,937","631,528","466,091","131,110","5,404,604","714,293","716,157","953,923","811,872","865,635","1,219,204","1,441,042","291,173"
,세대당 인구,      2.32,      2.26,      2.30,      2.38,      2.41,      2.39,      2.35,      2.47,      2.52,      2.44,      2.16,      2.23,      2.23,      2.25,      2.16,      2.19,      2.34,      2.30
2019년08월,총인구수,"51,847,538","9,744,888","3,423,209","2,446,745","2,956,525","1,459,438","1,480,520","1,150,294","332,098","13,193,943","1,540,780","1,599,402","2,125,160","1,823,982","1,867,094","2,667,657","3,365,282","670,521"
,세대수,"22,347,155","4,312,172","1,492,645","1,028,022","1,230,253","613,002","632,274","466,584","131,826","5,419,790","715,094","717,109","955,042","812,556","866,135","1,220,090","1,442,931","291,630"
,세대당 인구,      2.32,      2.26,      2.29,      2.38,      2.40,      2.38,      2.34,      2.47,      2.52,      2.43,      2.15,      2.23,      2.23,      2.24,      2.16,      2.19,      2.33,      2.30
2019년09월,총인구수,"51,849,253","9,740,398","3,421,502","2,445,270","2,956,804","1,459,632","1,479,641","1,149,873","333,757","13,207,219","1,540,721","1,599,339","2,124,855","1,822,883","1,865,915","2,666,795","3,364,039","670,610"
,세대수,"22,380,985","4,315,921","1,494,074","1,028,806","1,232,450","613,991","633,284","467,135","132,657","5,433,375","716,147","718,156","956,231","813,492","867,105","1,221,511","1,444,674","291,976"
,세대당 인구,      2.32,      2.26,      2.29,      2.38,      2.40,      2.38,      2.34,      2.46,      2.52,      2.43,      2.15,      2.23,      2.22,      2.24,      2.15,      2.18,      2.33,      2.30
2019년10월,총인구수,"51,850,705","9,736,289","3,418,871","2,443,528","2,956,984","1,459,360","1,478,436","1,149,409","336,356","13,218,912","1,540,897","1,599,499","2,124,619","1,821,813","1,865,039","2,666,072","3,363,883","670,738"
,세대수,"22,414,439","4,319,322","1,495,123","1,029,583","1,234,799","614,917","634,132","467,642","133,728","5,446,200","717,304","719,331","957,274","814,334","868,315","1,223,380","1,446,643","292,412"
,세대당 인구,      2.31,      2.25,      2.29,      2.37,      2.39,      2.37,      2.33,      2.46,      2.52,      2.43,      2.15,      2.22,      2.22,      2.24,      2.15,      2.18,      2.33,      2.29
2019년11월,총인구수,"51,851,427","9,732,577","3,416,721","2,441,581","2,957,249","1,458,915","1,476,955","1,148,922","338,647","13,228,177","1,541,399","1,599,651","2,124,302","1,820,799","1,865,588","2,665,775","3,363,274","670,895"
,세대수,"22,444,006","4,322,454","1,496,361","1,030,190","1,236,770","615,885","634,605","468,072","134,616","5,456,597","718,529","720,502","958,119","815,315","869,833","1,224,965","1,448,473","292,720"
,세대당 인구,      2.31,      2.25,      2.28,      2.37,      2.39,      2.37,      2.33,      2.45,      2.52,      2.42,      2.15,      2.22,      2.22,      2.23,      2.14,      2.18,      2.32,      2.29
2019년12월,총인구수,"51,849,861","9,729,107","3,413,841","2,438,031","2,957,026","1,456,468","1,474,870","1,148,019","340,575","13,239,666","1,541,502","1,600,007","2,123,709","1,818,917","1,868,745","2,665,836","3,362,553","670,989"
,세대수,"22,481,466","4,327,605","1,497,908","1,031,251","1,238,641","616,485","635,343","468,659","135,408","5,468,920","719,524","722,123","959,255","816,191","872,628","1,227,548","1,450,822","293,155"
,세대당 인구,      2.31,      2.25,      2.28,      2.36,      2.39,      2.36,      2.32,      2.45,      2.52,      2.42,      2.14,      2.22,      2.21,      2.23,      2.14,      2.17,      2.32,      2.29
